date,start,stop,distance,calories,steps
2021-02-03,14:19,14:29,154,6,224
2021-02-03,14:50,14:54,47,2,69
2021-02-03,16:26,16:31,176,5,257
2021-02-03,16:52,17:06,81,3,118
2021-02-04,16:53,17:01,348,10,502
2021-02-04,17:47,18:19,179,7,261
2021-02-04,19:41,19:45,138,3,201
2021-02-06,19:06,19:09,84,3,123
2021-02-06,20:56,21:00,363,15,483
2021-02-06,22:24,22:28,296,12,419
2021-02-08,12:10,12:29,163,6,238
2021-02-12,08:57,09:03,166,4,242
2021-02-12,11:05,11:09,132,5,193
2021-02-12,12:54,13:31,201,9,293
2021-02-12,13:54,14:05,417,13,607
2021-02-12,14:39,14:53,117,4,171
2021-02-12,15:45,16:00,255,8,372
2021-02-12,16:39,16:47,529,21,731
2021-02-12,17:58,18:10,51,2,75
2021-02-12,18:45,18:49,103,3,150
2021-02-15,09:43,09:55,128,3,187
2021-02-15,11:00,11:05,84,4,123
2021-02-15,11:33,11:40,123,5,179
2021-02-15,13:05,13:09,60,2,88
2021-02-15,13:11,13:24,168,7,242
2021-02-15,14:26,14:30,235,9,340
2021-02-15,16:05,16:09,163,4,237
2021-02-15,16:18,16:24,114,4,166
2021-02-15,16:51,17:10,179,6,261
2021-02-19,09:07,09:13,176,6,256
2021-02-19,10:00,10:17,328,13,478
2021-02-19,10:30,10:51,209,9,304
2021-02-19,10:52,10:57,150,4,219
2021-02-19,14:04,14:08,88,3,128
2021-02-19,14:17,14:28,383,14,553
2021-02-19,14:55,15:00,174,7,240
2021-02-19,15:08,15:18,149,5,217
2021-02-19,16:22,16:29,117,3,171
2021-02-19,17:46,17:55,68,2,99
2021-02-19,19:17,19:21,228,8,328
2021-02-19,20:20,20:43,130,6,189
2021-02-19,20:57,21:09,772,31,1005
2021-02-19,21:56,22:03,162,4,236
2021-02-19,23:26,23:31,286,11,407
2021-02-20,11:07,11:15,381,13,555
2021-02-20,11:35,11:43,426,15,614
2021-02-20,12:37,12:41,83,2,122
2021-02-20,13:48,13:54,355,13,515
2021-02-20,20:29,20:37,288,10,420
2021-02-20,22:07,22:11,123,3,180
2021-02-20,22:23,22:29,188,6,274
2021-02-20,22:46,23:05,253,9,368
2021-02-20,23:31,23:36,187,7,272
2021-02-21,10:50,11:00,471,18,653
2021-02-21,11:30,11:39,273,11,367
2021-02-21,11:40,12:02,1838,77,2326
2021-02-21,12:03,12:10,171,6,249
2021-02-21,15:39,15:47,134,4,196
2021-02-21,17:30,17:46,138,5,202
2021-02-21,19:43,20:04,171,7,249
2021-02-22,08:30,08:39,262,9,382
2021-02-22,10:29,10:36,219,9,309
2021-02-22,10:42,11:03,276,10,402
2021-02-22,12:21,12:33,520,18,720
2021-02-22,15:05,15:25,393,16,572
2021-02-22,15:39,15:50,251,7,366
2021-02-22,16:59,17:04,371,15,527
2021-02-22,17:26,17:54,618,25,851
2021-02-22,18:19,18:25,314,12,457
2021-02-22,19:43,19:52,404,15,585
2021-02-22,20:06,20:10,154,5,225
2021-02-22,20:12,20:40,312,12,454
2021-02-22,20:41,20:48,117,4,171
2021-02-23,07:12,07:17,129,5,188
2021-02-23,10:50,10:57,262,10,377
2021-02-23,11:29,11:49,205,8,298
2021-02-23,12:16,12:21,178,6,259
2021-02-23,12:40,12:45,297,12,417
2021-02-23,15:34,15:45,373,12,537
2021-02-23,15:46,15:52,688,30,819
2021-02-23,15:53,16:02,307,11,413
2021-02-23,16:03,16:09,646,27,793
2021-02-23,16:10,16:27,252,11,367
2021-02-23,16:55,17:02,314,11,457
2021-02-23,17:27,17:32,99,4,145
2021-02-23,17:36,17:52,108,3,157
2021-02-23,18:03,18:22,665,24,954
2021-02-23,18:34,18:40,116,4,170
2021-02-23,20:13,20:27,168,6,236
2021-02-24,08:03,08:17,181,7,264
2021-02-24,08:30,08:36,74,4,108
2021-02-24,09:31,09:35,116,3,170
2021-02-24,10:09,10:23,72,2,106
2021-02-24,10:24,10:34,616,24,861
2021-02-24,13:21,13:26,240,10,341
2021-02-24,13:34,13:38,127,3,185
2021-02-24,13:46,13:53,344,14,494
2021-02-24,14:08,14:12,136,5,198
2021-02-24,15:01,15:22,176,6,257
2021-02-24,16:28,16:34,299,11,432
2021-02-24,16:46,16:54,109,3,159
2021-02-24,17:31,17:48,563,24,765
2021-02-24,17:57,18:01,270,11,393
2021-02-24,20:21,20:28,194,7,283
2021-02-24,20:45,20:59,930,38,1275
2021-02-24,22:14,22:21,384,13,538
2021-02-24,23:50,23:56,147,5,215
2021-02-25,07:50,08:05,220,7,321
2021-02-25,09:40,09:48,206,5,300
2021-02-25,10:36,10:49,651,26,910
2021-02-25,11:11,11:15,291,12,395
2021-02-25,11:34,12:04,698,27,989
2021-02-25,12:05,12:15,611,24,817
2021-02-25,12:25,12:38,770,32,1028
2021-02-25,12:47,12:51,198,8,288
2021-02-25,13:25,13:34,199,7,290
2021-02-25,17:29,17:34,188,7,274
2021-02-25,19:05,19:15,345,14,467
2021-02-25,19:16,19:28,842,36,1144
2021-02-25,19:29,19:40,670,26,944
2021-02-26,08:50,09:00,689,28,952
2021-02-26,10:13,10:26,101,3,148
2021-02-26,10:33,11:13,352,11,512
2021-02-26,11:43,11:59,198,7,288
2021-02-26,13:03,13:18,377,12,548
2021-02-26,13:39,13:43,97,3,141
2021-02-26,13:45,14:00,132,6,192
2021-02-26,14:54,14:59,94,4,137
2021-02-26,20:22,20:32,472,19,670
2021-02-27,09:49,09:53,318,12,434
2021-02-27,11:05,11:09,135,3,197
2021-02-27,11:15,11:19,163,5,230
2021-02-27,11:27,11:31,224,9,306
2021-02-27,12:46,13:00,120,4,175
2021-02-27,13:19,13:29,66,4,96
2021-02-27,14:50,14:54,271,10,368
2021-02-27,15:29,15:55,126,7,184
2021-02-27,16:22,16:27,337,13,485
2021-02-27,16:36,17:01,1265,49,1805
2021-03-01,09:26,09:36,346,13,503
2021-03-01,11:16,11:22,211,7,307
2021-03-01,12:31,12:42,557,20,796
2021-03-01,16:40,16:46,148,5,215
2021-03-01,18:53,19:11,852,32,1239
2021-03-01,19:45,20:02,617,25,862
2021-03-01,20:12,20:17,304,12,440
2021-03-01,20:30,20:35,366,15,514
2021-03-02,09:17,09:24,289,10,415
2021-03-02,09:36,09:42,182,7,265
2021-03-02,09:53,10:09,712,28,994
2021-03-02,10:11,10:54,681,28,951
2021-03-02,12:06,12:10,240,10,326
2021-03-02,12:33,12:37,255,10,358
2021-03-02,13:26,13:31,289,10,402
2021-03-02,14:05,14:20,661,23,955
2021-03-02,14:43,15:01,314,12,457
2021-03-02,16:42,16:46,210,7,287
2021-03-02,18:00,18:15,85,4,125
2021-03-02,18:27,18:32,131,3,191
2021-03-02,18:49,18:54,257,10,370
2021-03-02,20:33,20:53,591,21,860
2021-03-02,21:16,21:30,328,13,475
2021-03-03,07:01,07:12,230,7,335
2021-03-03,09:39,09:52,131,4,191
2021-03-03,10:38,10:44,281,11,409
2021-03-03,11:18,11:28,156,5,228
2021-03-03,11:39,11:50,59,2,87
2021-03-03,13:52,14:10,107,3,156
2021-03-03,14:13,14:18,229,8,333
2021-03-03,14:20,14:40,179,6,256
2021-03-03,18:48,18:58,326,12,475
2021-03-04,14:40,15:13,1424,55,1985
2021-03-04,15:20,15:26,543,22,703
2021-03-04,15:27,15:36,160,6,234
2021-03-04,15:37,15:43,589,24,788
2021-03-04,16:05,16:13,290,11,422
2021-03-04,17:55,18:04,277,9,403
2021-03-04,18:27,18:31,120,3,175
2021-03-04,18:32,18:48,387,16,525
2021-03-04,21:09,21:13,105,3,154
2021-03-05,07:59,08:03,127,4,185
2021-03-05,11:17,11:27,411,15,597
2021-03-05,12:45,12:51,469,19,645
2021-03-05,12:52,12:57,339,12,470
2021-03-05,13:07,13:21,224,8,319
2021-03-05,14:03,14:11,484,19,676
2021-03-05,16:08,16:25,66,2,97
2021-03-05,16:41,17:00,141,5,205
2021-03-05,17:03,17:11,185,6,269
2021-03-05,17:23,17:42,436,14,634
2021-03-05,20:33,20:54,1143,47,1589
2021-03-05,22:18,22:22,251,9,359
2021-03-05,22:39,22:50,197,7,287
2021-03-06,08:40,08:48,199,5,290
2021-03-06,08:59,09:08,461,17,660
2021-03-06,09:10,09:28,104,4,152
2021-03-06,09:36,09:58,352,14,498
2021-03-06,11:41,11:48,143,4,208
2021-03-06,12:29,12:42,86,3,126
2021-03-06,14:19,14:29,398,13,579
2021-03-06,14:47,14:55,261,8,380
2021-03-06,16:07,16:27,116,5,170
2021-03-06,16:38,16:45,189,6,275
2021-03-06,18:37,18:42,273,10,384
2021-03-06,20:59,21:03,246,8,352
2021-03-07,13:39,13:57,94,4,137
2021-03-07,14:02,14:24,796,26,1158
2021-03-07,15:18,15:36,255,11,371
2021-03-07,17:56,18:20,1061,41,1529
2021-03-07,20:07,20:33,523,21,729
2021-03-07,20:37,20:42,390,16,534
2021-03-07,20:43,20:54,709,29,972
2021-03-07,21:20,21:24,239,9,345
2021-03-07,21:39,21:44,194,6,283
2021-03-07,22:02,22:06,165,5,240
2021-03-07,22:08,22:22,131,3,191
2021-03-07,22:44,22:53,386,12,562
2021-03-07,23:42,23:59,901,35,1279
2021-03-08,08:13,08:42,316,13,453
2021-03-08,08:43,09:01,1121,47,1542
2021-03-08,09:24,09:36,389,14,566
2021-03-08,09:44,10:42,3064,121,4328
2021-03-08,11:10,11:14,178,5,259
2021-03-08,11:16,11:30,50,2,74
2021-03-08,13:32,14:28,2396,87,3432
2021-03-08,14:34,14:42,400,15,574
2021-03-08,14:53,15:00,304,11,437
2021-03-08,15:19,15:25,132,3,192
2021-03-08,15:37,15:48,219,7,319
2021-03-08,15:49,16:01,220,7,320
2021-03-08,16:06,16:14,442,17,643
2021-03-08,16:58,17:24,125,7,182
2021-03-08,18:25,18:33,230,7,329
2021-03-08,19:01,19:08,136,4,199
2021-03-09,11:45,12:03,805,31,1158
2021-03-09,13:02,13:06,129,3,188
2021-03-09,14:00,14:11,176,7,241
2021-03-09,15:25,15:29,68,2,99
2021-03-09,18:05,18:15,390,14,564
2021-03-09,18:22,18:27,195,7,284
2021-03-09,21:56,22:01,190,9,238
2021-03-10,07:46,07:59,186,5,271
2021-03-10,08:01,08:10,297,8,433
2021-03-10,10:15,10:21,258,8,376
2021-03-10,14:47,15:01,699,28,997
2021-03-10,22:08,22:19,158,6,231
2021-03-10,23:45,23:49,155,5,226
2021-03-11,07:35,07:56,159,7,232
2021-03-11,12:40,12:46,227,9,330
2021-03-11,13:01,13:22,321,12,466
2021-03-11,13:56,14:04,291,12,424
2021-03-11,15:03,15:08,199,7,282
2021-03-11,22:34,22:56,246,8,358
2021-03-11,23:05,23:19,662,23,957
2021-03-11,23:46,23:51,253,8,366
2021-03-12,08:37,09:10,244,11,356
2021-03-12,10:42,11:00,160,7,234
2021-03-12,13:24,13:31,344,12,493
2021-03-12,13:58,14:02,81,2,118
2021-03-12,14:11,14:17,195,6,284
2021-03-12,14:50,15:10,307,11,447
2021-03-12,15:12,15:30,75,3,110
2021-03-12,15:36,15:55,147,5,215
2021-03-12,16:04,16:24,1069,43,1530
2021-03-12,16:42,17:01,135,5,197
2021-03-12,17:18,17:36,456,16,657
2021-03-12,17:47,18:00,277,9,403
2021-03-12,19:25,19:29,264,10,384
2021-03-13,09:25,09:48,511,23,744
2021-03-13,11:15,11:21,152,4,222
2021-03-13,12:22,12:28,255,8,372
2021-03-13,13:01,13:08,317,12,454
2021-03-13,13:10,13:21,248,9,361
2021-03-13,13:25,13:29,192,6,280
2021-03-13,13:42,14:05,127,5,186
2021-03-13,20:34,20:38,154,5,224
2021-03-13,23:49,23:59,272,10,386
2021-03-14,07:13,07:28,99,4,145
2021-03-14,10:45,10:50,170,6,241
2021-03-14,13:26,13:49,73,2,107
2021-03-14,15:11,15:17,308,10,449
2021-03-14,15:32,15:37,105,3,154
2021-03-14,16:34,16:48,176,7,257
2021-03-14,17:00,18:03,3393,132,4739
2021-03-14,20:07,20:12,243,7,354
2021-03-14,21:28,21:36,324,13,471
2021-03-14,22:20,22:37,179,6,248
2021-03-15,11:43,11:50,242,9,352
2021-03-15,12:05,12:22,238,9,346
2021-03-15,13:01,13:18,81,4,118
2021-03-15,13:36,13:48,74,3,109
2021-03-15,15:42,15:46,189,7,266
2021-03-15,15:57,16:01,257,10,372
2021-03-15,16:16,16:35,834,34,1186
2021-03-15,17:07,17:22,50,2,74
2021-03-15,21:03,21:11,292,9,425
2021-03-15,21:37,21:58,189,6,276
2021-03-16,10:06,10:11,263,11,370
2021-03-16,12:12,12:17,214,6,312
2021-03-16,12:24,12:30,678,29,788
2021-03-16,12:37,12:43,172,4,251
2021-03-16,13:09,13:15,613,26,759
2021-03-16,13:16,13:20,134,4,195
2021-03-16,14:57,15:15,140,5,204
2021-03-16,16:50,16:55,112,3,164
2021-03-16,18:19,18:34,840,32,1212
2021-03-16,19:35,19:43,377,15,538
2021-03-16,19:45,20:02,378,14,527
2021-03-16,21:06,21:11,95,2,139
2021-03-17,06:48,06:55,141,4,206
2021-03-17,08:33,09:43,3290,126,4682
2021-03-17,11:35,11:42,295,9,430
2021-03-17,11:56,12:01,66,3,96
2021-03-17,12:30,12:38,290,11,420
2021-03-17,14:35,14:45,242,9,352
2021-03-17,15:30,15:34,114,3,166
2021-03-17,15:53,16:18,546,21,791
2021-03-17,17:50,18:05,164,5,239
2021-03-17,18:13,18:20,291,11,421
2021-03-17,19:23,19:29,112,4,163
2021-03-17,21:32,21:38,83,3,122
2021-03-17,21:40,21:56,65,3,95
2021-03-17,22:43,22:54,419,13,610
2021-03-18,07:44,07:53,191,8,278
2021-03-18,10:12,10:26,210,8,305
2021-03-18,11:40,11:46,349,12,501
2021-03-18,12:24,12:36,517,19,740
2021-03-18,13:38,13:46,482,19,688
2021-03-18,13:47,13:50,233,9,331
2021-03-18,13:51,14:13,1104,42,1571
2021-03-18,16:01,16:06,141,5,205
2021-03-18,16:16,16:27,130,4,190
2021-03-18,16:57,17:02,171,6,250
2021-03-18,18:26,18:40,411,15,586
2021-03-19,14:14,14:29,401,14,570
2021-03-19,15:24,15:31,156,5,228
2021-03-19,15:49,16:04,550,19,800
2021-03-19,16:50,16:55,157,4,229
2021-03-19,16:56,17:02,718,33,810
2021-03-19,17:13,17:22,487,18,654
2021-03-19,17:23,17:29,614,26,797
2021-03-19,17:30,17:35,168,7,242
2021-03-19,17:42,17:46,236,8,330
2021-03-19,18:10,18:37,1226,50,1754
2021-03-19,20:30,20:34,145,5,211
2021-03-19,21:43,21:51,209,8,305
2021-03-19,22:05,22:19,108,3,158
2021-03-20,08:43,08:47,116,3,169
2021-03-20,09:06,09:12,128,5,187
2021-03-20,11:25,11:35,565,22,780
2021-03-20,11:36,11:40,323,13,429
2021-03-20,11:51,12:00,363,14,518
2021-03-20,12:06,12:23,706,25,981
2021-03-20,12:46,13:18,1875,76,2626
2021-03-20,14:09,14:19,98,3,143
2021-03-20,14:33,14:37,38,2,56
2021-03-20,16:10,16:14,219,8,297
2021-03-20,16:15,16:20,465,19,588
2021-03-20,16:21,16:30,225,5,328
2021-03-20,16:33,16:39,615,26,800
2021-03-20,17:18,17:22,164,6,239
2021-03-20,18:22,18:28,116,4,170
2021-03-20,19:45,19:53,369,13,535
2021-03-20,20:18,20:24,162,5,236
2021-03-20,22:23,22:27,88,3,129
2021-03-21,08:08,08:23,187,6,273
2021-03-21,11:16,11:35,186,10,271
2021-03-21,11:45,12:04,1007,40,1413
2021-03-21,12:24,12:28,101,4,148
2021-03-21,17:04,17:08,275,11,397
2021-03-21,20:25,20:54,1450,55,2082
2021-03-21,21:06,21:12,108,4,158
2021-03-21,22:34,22:42,81,3,119
2021-03-22,10:37,10:44,331,12,466
2021-03-22,12:01,12:16,94,2,138
2021-03-22,12:49,12:57,160,6,233
2021-03-22,14:19,14:42,817,29,1174
2021-03-22,15:45,15:53,348,13,500
2021-03-22,16:00,16:08,186,6,265
2021-03-22,16:21,16:26,70,3,102
2021-03-22,20:59,21:18,394,13,566
2021-03-23,07:31,07:40,104,3,152
2021-03-23,08:14,08:47,142,6,207
2021-03-23,11:18,11:22,224,8,307
2021-03-23,13:23,13:37,808,31,1155
2021-03-23,14:04,14:10,337,12,490
2021-03-23,15:13,15:18,176,5,257
2021-03-23,17:41,17:56,181,6,264
2021-03-23,18:07,18:15,420,16,602
2021-03-24,06:45,06:51,77,2,112
2021-03-24,10:24,10:32,434,15,627
2021-03-24,12:48,13:05,78,2,114
2021-03-24,13:06,13:13,407,15,576
2021-03-24,15:41,15:45,110,3,160
2021-03-24,16:53,16:58,321,12,463
2021-03-24,19:45,19:54,341,13,497
2021-03-24,22:45,22:55,452,16,657
2021-03-25,06:46,07:03,172,7,251
2021-03-25,12:16,12:20,217,7,305
2021-03-25,12:38,12:42,186,6,271
2021-03-25,13:13,13:18,112,3,163
2021-03-25,14:43,14:51,522,22,725
2021-03-25,15:57,16:09,640,25,897
2021-03-25,16:26,16:44,249,8,363
2021-03-25,17:07,17:22,172,6,238
2021-03-25,17:23,17:27,92,2,135
2021-03-25,17:43,17:53,572,22,824
2021-03-25,20:46,20:55,214,7,312
2021-03-25,21:54,21:58,325,13,456
2021-03-25,23:25,23:32,160,4,234
2021-03-26,09:17,09:28,81,3,118
2021-03-26,10:16,10:23,385,13,558
2021-03-26,13:03,13:18,600,22,831
2021-03-26,14:49,14:56,350,13,509
2021-03-26,17:34,17:41,156,5,227
2021-03-26,17:42,17:48,656,26,788
2021-03-26,17:50,18:08,313,14,418
2021-03-26,18:09,18:15,702,33,813
2021-03-26,18:16,18:30,114,4,167
2021-03-26,19:02,19:17,381,13,554
2021-03-26,20:41,20:47,157,5,229
2021-03-26,22:41,22:55,191,6,278
2021-03-27,09:44,09:48,212,7,304
2021-03-27,10:30,10:35,269,10,385
2021-03-27,11:16,11:27,601,24,859
2021-03-27,14:14,14:18,216,6,300
2021-03-27,16:45,17:03,936,36,1276
2021-03-27,18:26,18:46,1222,47,1684
2021-03-27,20:20,20:31,821,33,1100
2021-03-27,23:37,23:43,272,10,394
2021-03-28,10:40,10:58,134,4,195
2021-03-28,11:06,11:19,212,8,309
2021-03-28,11:50,12:15,1512,59,2088
2021-03-28,13:06,13:24,207,7,301
2021-03-28,16:20,16:32,732,28,1010
2021-03-28,16:59,17:14,227,8,330
2021-03-28,17:15,17:21,319,10,463
2021-03-28,18:10,18:14,108,2,157
2021-03-29,09:32,09:44,497,19,710
2021-03-29,10:09,10:13,94,3,137
2021-03-29,11:25,11:45,1182,44,1674
2021-03-29,11:58,12:06,146,6,213
2021-03-29,12:07,12:13,668,28,794
2021-03-29,12:14,12:44,903,32,1286
2021-03-29,12:45,12:51,706,30,804
2021-03-29,12:52,12:58,108,3,158
2021-03-29,13:31,13:37,138,5,201
2021-03-29,14:18,14:26,302,8,439
2021-03-29,14:27,14:33,713,31,808
2021-03-29,14:41,14:59,1658,68,1992
2021-03-29,15:09,15:13,114,3,167
2021-03-29,15:46,15:51,295,11,429
2021-03-29,17:34,17:40,167,5,243
2021-03-29,20:18,20:35,758,28,1097
2021-03-29,21:04,21:12,115,4,168
2021-03-30,07:04,07:13,101,3,148
2021-03-30,10:08,10:30,142,5,207
2021-03-30,11:30,11:51,614,25,861
2021-03-30,13:46,13:53,370,14,520
2021-03-30,14:01,14:05,244,9,343
2021-03-30,14:19,14:33,885,35,1235
2021-03-30,15:48,15:54,196,6,286
2021-03-30,16:32,16:42,130,4,189
2021-03-30,17:12,17:16,158,7,220
2021-03-30,17:42,17:52,325,12,464
2021-03-30,19:03,19:10,177,5,258
2021-03-31,07:44,07:48,100,4,146
2021-03-31,08:59,09:19,81,3,119
2021-03-31,10:15,10:23,542,22,745
2021-03-31,10:25,10:42,295,11,403
2021-03-31,12:04,12:11,520,20,713
2021-03-31,13:08,13:30,161,6,235
2021-03-31,13:56,14:05,184,6,268
2021-03-31,14:49,14:54,137,5,200
2021-03-31,15:20,15:53,178,7,260
2021-03-31,16:38,16:42,92,2,135
2021-03-31,16:43,16:48,574,23,710
2021-03-31,16:49,16:56,154,5,224
2021-03-31,17:01,17:07,660,27,787
2021-03-31,17:10,17:16,111,3,162
2021-03-31,17:31,17:41,336,13,481
2021-03-31,17:55,18:00,279,9,407
2021-03-31,20:25,20:39,82,3,120
2021-03-31,21:50,22:01,205,8,293
2021-04-01,09:56,10:03,223,8,319
2021-04-01,10:29,10:50,130,6,190
2021-04-01,13:06,13:14,163,6,237
2021-04-01,13:24,13:41,88,3,129
2021-04-01,14:42,14:54,146,4,213
2021-04-01,18:31,18:46,160,6,233
2021-04-01,19:28,19:33,271,10,394
2021-04-01,22:29,22:34,244,7,356
2021-04-02,07:43,07:53,61,2,89
2021-04-02,07:56,08:00,75,2,110
2021-04-02,09:20,09:44,140,5,204
2021-04-02,10:06,10:28,108,4,158
2021-04-02,10:40,11:04,94,4,137
2021-04-02,11:14,11:18,97,3,141
2021-04-02,12:26,12:53,1576,63,2197
2021-04-02,16:10,16:41,1483,58,2068
2021-04-02,17:18,17:25,401,16,558
2021-04-02,17:27,17:40,166,7,234
2021-04-02,18:58,19:12,101,4,147
2021-04-02,19:20,19:33,110,4,160
2021-04-02,21:28,21:33,132,4,193
2021-04-03,11:32,12:01,1239,47,1788
2021-04-03,21:56,22:02,52,2,76
2021-04-04,10:48,10:59,586,22,844
2021-04-04,11:49,12:05,185,7,265
2021-04-04,12:58,13:14,584,19,844
2021-04-04,14:35,14:48,135,4,197
2021-04-04,14:56,15:14,103,3,151
2021-04-04,16:40,16:50,522,17,740
2021-04-04,19:13,19:33,778,28,1123
2021-04-04,19:43,19:49,306,11,445
2021-04-05,10:01,10:07,132,5,192
2021-04-05,11:59,12:20,354,11,506
2021-04-05,12:40,12:44,37,2,55
2021-04-05,12:56,13:13,141,6,206
2021-04-05,13:37,13:42,171,6,250
2021-04-05,13:54,14:05,135,5,197
2021-04-05,14:06,14:11,101,3,147
2021-04-05,18:42,19:00,116,4,169
2021-04-05,20:03,20:13,413,16,597
2021-04-05,22:21,22:26,282,10,411
2021-04-05,22:57,23:04,444,17,622
2021-04-05,23:05,23:10,384,15,523
2021-04-05,23:11,23:17,252,10,363
2021-04-05,23:46,23:51,206,7,300
2021-04-06,13:20,13:41,866,29,1253
2021-04-06,13:52,13:56,116,4,169
2021-04-06,14:38,14:46,143,4,208
2021-04-06,17:06,17:12,122,3,178
2021-04-06,18:07,18:29,99,4,144
2021-04-06,18:45,18:50,143,3,209
2021-04-06,19:39,19:45,194,7,278
2021-04-06,21:20,21:43,119,6,173
2021-04-06,22:04,22:10,125,5,183
2021-04-07,09:04,09:09,123,3,180
2021-04-07,10:15,10:21,214,7,312
2021-04-07,10:29,10:33,78,2,114
2021-04-07,10:42,10:54,121,4,177
2021-04-07,13:09,13:17,620,25,849
2021-04-07,15:02,15:07,373,14,514
2021-04-07,15:38,15:57,738,26,1059
2021-04-07,16:31,16:53,77,3,112
2021-04-07,17:45,17:49,245,9,348
2021-04-07,21:06,21:26,202,7,285
2021-04-07,21:53,22:00,298,11,433
2021-04-07,23:25,23:32,130,4,189
2021-04-08,09:42,09:46,143,4,208
2021-04-08,10:27,10:41,81,2,119
2021-04-08,12:00,12:16,115,5,155
2021-04-08,13:54,14:12,180,8,263
2021-04-08,16:20,16:48,985,35,1389
2021-04-08,17:57,18:03,323,12,453
2021-04-08,18:22,18:28,135,4,197
2021-04-08,21:26,21:39,321,13,467
2021-04-08,23:11,23:16,152,4,221
2021-04-08,23:46,23:51,116,3,169
2021-04-09,10:37,10:42,143,5,208
2021-04-09,10:48,11:01,360,12,524
2021-04-09,11:51,12:13,163,7,238
2021-04-09,13:40,13:46,425,17,579
2021-04-09,14:05,14:10,311,12,447
2021-04-09,14:55,14:59,66,2,97
2021-04-09,15:20,15:39,794,29,1151
2021-04-09,17:11,17:26,110,3,160
2021-04-09,20:33,20:38,141,4,206
2021-04-09,21:36,21:46,118,5,172
2021-04-09,23:20,23:26,439,18,618
2021-04-09,23:27,23:37,338,13,472
2021-04-10,10:09,10:16,259,8,377
2021-04-10,11:41,11:50,308,12,447
2021-04-10,12:16,12:25,481,18,693
2021-04-10,12:33,12:37,258,10,355
2021-04-10,14:44,14:50,350,13,495
2021-04-10,14:52,15:16,140,4,202
2021-04-10,15:17,15:22,152,4,222
2021-04-10,15:54,15:58,181,6,263
2021-04-10,16:46,16:54,83,3,121
2021-04-10,17:14,17:18,250,9,359
2021-04-10,20:47,20:59,648,24,929
2021-04-10,22:30,22:38,390,14,551
2021-04-12,11:30,11:54,827,28,1203
2021-04-12,12:16,12:20,112,3,163
2021-04-12,13:15,13:47,125,5,183
2021-04-12,13:48,13:55,159,4,232
2021-04-12,16:12,16:19,160,5,234
2021-04-12,16:24,16:32,724,31,873
2021-04-12,16:37,16:41,125,4,182
2021-04-12,16:57,17:04,751,30,886
2021-04-12,17:19,17:26,123,5,180
2021-04-12,17:46,17:56,116,3,169
2021-04-12,18:13,18:33,154,6,225
2021-04-12,19:08,19:26,109,4,159
2021-04-12,19:45,19:52,142,5,207
2021-04-13,10:07,10:14,334,11,486
2021-04-13,11:41,11:46,267,10,378
2021-04-13,11:48,12:05,82,4,120
2021-04-13,14:09,14:16,218,7,318
2021-04-13,15:30,15:43,695,26,979
2021-04-13,16:49,16:58,405,14,577
2021-04-13,22:05,22:11,415,16,558
2021-04-13,22:20,22:25,273,8,398
2021-04-13,22:40,22:45,311,10,433
2021-04-13,22:54,23:22,1323,52,1864
2021-04-14,09:54,09:58,229,8,319
2021-04-14,10:12,10:17,264,9,385
2021-04-14,10:43,10:57,638,21,920
2021-04-14,11:22,11:30,291,10,423
2021-04-14,11:37,11:42,583,24,702
2021-04-14,11:43,11:48,266,11,363
2021-04-14,12:04,12:18,888,35,1178
2021-04-14,12:19,12:25,351,13,483
2021-04-14,12:33,12:38,124,3,181
2021-04-14,12:48,13:12,1000,38,1444
2021-04-14,14:00,14:07,360,13,524
2021-04-14,14:15,14:19,129,5,188
2021-04-14,19:11,19:16,294,10,411
2021-04-15,09:29,09:35,138,4,202
2021-04-15,09:44,10:07,1043,39,1457
2021-04-15,23:41,23:53,173,5,252
2021-04-16,09:02,09:06,86,3,126
2021-04-16,10:31,10:48,87,4,127
2021-04-16,11:39,11:44,128,4,187
2021-04-16,12:48,13:11,1196,44,1728
2021-04-16,13:43,13:49,148,5,216
2021-04-17,10:45,10:49,93,2,136
2021-04-17,11:03,11:10,169,4,247
2021-04-17,11:34,11:38,62,2,91
2021-04-17,14:51,15:09,726,26,1045
2021-04-17,17:50,18:12,306,13,445
2021-04-17,18:37,18:44,193,6,276
2021-04-17,19:43,19:56,151,6,206
2021-04-17,19:58,20:03,105,4,153
2021-04-17,23:13,23:34,129,5,188
2021-04-18,11:02,11:09,293,10,427
2021-04-18,12:22,12:47,1219,45,1754
2021-04-18,13:09,13:18,365,14,523
2021-04-18,13:46,13:55,288,11,392
2021-04-18,14:10,14:18,412,14,599
2021-04-18,15:47,15:51,88,3,129
2021-04-18,18:36,18:42,65,4,95
2021-04-18,18:48,18:56,227,9,330
2021-04-18,18:59,19:07,829,33,1066
2021-04-18,19:08,19:25,79,3,116
2021-04-18,19:57,20:03,79,3,116
2021-04-18,20:11,20:37,848,29,1227
2021-04-19,10:44,11:11,164,6,239
2021-04-19,11:34,11:40,364,15,517
2021-04-19,13:47,14:26,1022,32,1486
2021-04-19,16:03,16:09,140,5,204
2021-04-19,17:52,18:00,361,13,526
2021-04-19,20:31,20:47,181,6,264
2021-04-19,22:26,22:33,174,4,253
2021-04-19,23:29,23:38,191,7,269
2021-04-20,09:53,10:00,140,5,204
2021-04-20,13:14,13:24,502,19,708
2021-04-20,13:30,13:53,876,32,1264
2021-04-20,14:14,14:18,57,2,84
2021-04-20,16:34,16:42,363,13,518
2021-04-20,18:34,18:40,327,12,476
2021-04-20,19:13,19:17,145,3,212
2021-04-21,09:11,09:15,141,5,205
2021-04-21,22:31,22:35,152,5,222
2021-04-22,10:27,10:31,132,3,193
2021-04-22,10:44,10:54,97,3,141
2021-04-22,11:14,11:29,542,18,789
2021-04-22,12:03,12:20,192,7,280
2021-04-22,13:05,13:25,714,26,1029
2021-04-22,13:26,13:39,60,2,88
2021-04-22,15:33,15:41,209,8,305
2021-04-22,16:13,16:30,195,6,284
2021-04-22,18:26,18:42,147,6,215
2021-04-22,18:56,19:25,138,6,201
2021-04-22,19:40,19:46,375,15,534
2021-04-22,21:35,21:52,796,30,1142
2021-04-22,23:35,23:49,70,3,102
2021-04-23,10:14,10:26,39,2,57
2021-04-23,10:55,11:09,605,21,871
2021-04-23,14:04,14:15,490,19,713
2021-04-23,14:59,15:10,428,14,623
2021-04-23,17:36,17:45,217,7,315
2021-04-23,18:23,18:27,226,8,322
2021-04-23,18:35,18:39,274,10,390
2021-04-24,10:42,10:49,385,15,554
2021-04-24,11:19,11:23,92,3,134
2021-04-24,13:01,13:10,105,3,154
2021-04-24,14:19,14:29,506,17,725
2021-04-24,14:31,14:47,59,2,86
2021-04-24,15:12,15:36,934,32,1348
2021-04-24,17:43,17:50,411,15,580
2021-04-24,20:05,20:27,105,3,154
2021-04-24,20:45,20:50,436,17,579
2021-04-24,21:35,21:48,821,32,1138
2021-04-24,22:18,22:22,73,2,107
2021-04-24,23:39,23:45,198,6,288
2021-04-25,11:32,11:45,416,16,605
2021-04-25,14:18,14:27,448,17,632
2021-04-25,20:14,20:26,119,5,174
2021-04-26,10:14,10:18,101,4,148
2021-04-26,10:20,10:37,61,2,89
2021-04-26,12:30,12:35,328,12,453
2021-04-26,13:10,13:15,247,8,357
2021-04-26,14:45,15:02,149,5,217
2021-04-26,16:30,16:48,118,4,172
2021-04-26,16:56,17:03,244,10,347
2021-04-26,17:32,17:40,450,18,644
2021-04-26,18:56,19:00,109,4,159
2021-04-26,21:23,21:33,600,22,835
2021-04-27,09:43,09:47,75,2,110
2021-04-27,10:00,10:08,458,18,641
2021-04-27,11:34,11:38,143,5,208
2021-04-27,11:59,12:08,319,8,464
2021-04-27,13:06,13:42,1611,59,2291
2021-04-27,14:40,14:47,76,3,111
2021-04-27,17:38,17:44,187,6,272
2021-04-27,17:51,17:56,352,14,500
2021-04-27,22:48,22:59,759,31,1057
2021-04-28,08:52,08:57,73,4,107
2021-04-28,10:52,10:58,294,11,428
2021-04-28,11:16,11:20,134,4,196
2021-04-28,13:09,13:13,154,5,224
2021-04-28,13:15,13:30,79,4,116
2021-04-28,14:28,14:35,207,7,301
2021-04-28,16:14,16:32,270,9,383
2021-04-28,17:01,17:10,509,19,731
2021-04-28,19:50,20:09,138,6,201
2021-04-28,20:26,20:39,431,14,627
2021-04-29,10:57,11:03,243,9,354
2021-04-29,12:18,12:22,101,3,147
2021-04-29,14:11,14:20,204,8,289
2021-04-29,15:34,15:38,193,5,281
2021-04-29,19:59,20:05,186,5,271
2021-04-29,20:29,20:47,101,4,148
2021-04-29,20:53,20:57,121,3,177
2021-04-29,21:21,21:28,242,9,342
2021-04-30,09:39,09:43,87,3,127
2021-04-30,10:42,11:05,98,4,143
2021-04-30,11:06,11:10,157,5,229
2021-04-30,13:25,13:29,146,5,204
2021-04-30,13:40,13:50,525,20,751
2021-04-30,14:11,14:20,350,13,506
2021-04-30,14:30,14:40,350,12,501
2021-04-30,18:04,18:24,477,17,694
2021-04-30,18:46,19:01,606,25,869
2021-04-30,20:31,20:38,235,8,342
2021-04-30,21:02,21:09,483,19,684
2021-04-30,21:10,21:14,279,10,393
2021-04-30,21:16,21:35,347,13,494
2021-04-30,21:36,21:40,223,8,288
2021-05-01,08:22,08:32,105,3,153
2021-05-01,11:27,11:38,541,19,786
2021-05-01,16:06,16:18,579,20,839
2021-05-01,18:24,18:35,220,8,318
2021-05-01,19:04,19:12,237,10,333
2021-05-01,20:56,21:13,371,14,540
2021-05-01,21:14,21:38,1739,72,2297
2021-05-01,23:44,23:49,252,9,357
2021-05-02,09:46,10:05,99,4,145
2021-05-02,11:07,11:22,860,34,1217
2021-05-02,11:55,12:07,230,9,334
2021-05-02,13:56,14:12,534,19,775
2021-05-02,14:54,15:16,1189,48,1703
2021-05-02,15:53,16:00,191,6,263
2021-05-02,16:29,16:49,627,25,882
2021-05-02,17:34,17:42,236,9,332
2021-05-02,18:08,18:12,63,2,93
2021-05-02,18:54,19:05,462,15,645
2021-05-02,19:07,19:22,289,11,421
2021-05-02,20:30,20:52,920,35,1333
2021-05-02,21:13,21:39,1859,77,2497
2021-05-03,11:28,11:42,90,4,132
2021-05-03,12:23,12:29,190,8,277
2021-05-03,12:40,12:57,380,15,535
2021-05-03,18:35,18:41,220,7,320
2021-05-03,19:51,19:55,203,7,288
2021-05-04,11:07,11:11,124,4,181
2021-05-04,11:42,11:55,601,23,853
2021-05-04,13:06,13:24,998,39,1438
2021-05-04,14:26,14:41,271,7,395
2021-05-04,17:18,17:27,168,6,239
2021-05-04,18:02,18:15,91,3,133
2021-05-04,20:00,20:04,208,8,299
2021-05-04,21:22,21:28,157,5,229
2021-05-05,10:38,10:48,168,6,245
2021-05-05,14:22,14:29,416,16,605
2021-05-05,15:17,15:21,63,2,93
2021-05-05,17:17,17:23,55,2,80
2021-05-05,17:35,18:00,61,4,89
2021-05-05,18:22,18:27,182,7,266
2021-05-05,20:50,20:54,242,8,350
2021-05-05,23:44,23:50,273,10,397
2021-05-06,11:47,12:09,70,2,103
2021-05-06,13:21,13:38,106,3,155
2021-05-06,14:00,14:04,155,5,225
2021-05-06,15:21,15:26,163,4,237
2021-05-06,16:36,16:56,228,7,332
2021-05-06,17:58,18:13,562,21,817
2021-05-06,19:15,19:37,50,2,74
2021-05-06,21:17,21:23,465,19,636
2021-05-06,21:24,21:30,391,15,563
2021-05-06,22:34,22:49,573,21,833
2021-05-07,11:02,11:14,448,15,652
2021-05-07,11:46,12:08,84,4,123
2021-05-07,15:43,15:50,198,9,288
2021-05-07,16:00,16:08,97,3,142
2021-05-07,16:45,16:59,599,19,870
2021-05-08,09:37,10:09,136,7,198
2021-05-08,11:10,11:14,59,2,87
2021-05-08,11:58,12:16,156,6,227
2021-05-08,14:15,14:23,420,16,611
2021-05-08,17:59,18:09,187,7,273
2021-05-08,22:56,23:11,276,10,392
2021-05-09,08:18,08:22,141,4,205
2021-05-09,08:52,08:59,158,5,230
2021-05-09,15:20,15:24,136,4,199
2021-05-09,16:19,16:42,221,6,322
2021-05-09,17:02,17:19,58,2,85
2021-05-09,17:20,17:26,159,5,232
2021-05-09,18:50,19:05,84,4,123
2021-05-09,20:17,20:22,88,3,129
2021-05-09,20:43,20:47,111,5,162
2021-05-10,13:23,13:30,377,15,535
2021-05-10,15:39,15:43,176,3,257
2021-05-10,16:20,16:29,161,6,235
2021-05-10,20:29,20:35,424,17,593
2021-05-11,08:35,08:42,172,4,251
2021-05-11,09:44,10:06,543,17,790
2021-05-11,10:08,10:23,176,6,256
2021-05-11,10:25,10:29,132,3,192
2021-05-11,10:38,10:49,174,7,254
2021-05-11,11:14,11:21,148,6,216
2021-05-11,12:18,12:23,88,3,129
2021-05-11,13:59,14:13,854,34,1209
2021-05-11,15:12,15:18,247,8,354
2021-05-11,15:44,15:51,320,11,458
2021-05-11,16:42,16:49,380,14,546
2021-05-11,18:46,18:55,369,11,537
2021-05-11,19:07,19:14,381,14,537
2021-05-11,21:29,21:34,222,9,321
2021-05-11,23:25,23:30,33,2,48
2021-05-12,10:57,11:12,558,22,802
2021-05-12,12:43,12:49,79,2,115
2021-05-12,12:55,12:59,143,4,209
2021-05-12,13:20,13:26,391,15,567
2021-05-12,13:28,13:43,92,3,134
2021-05-12,14:18,14:22,248,9,357
2021-05-12,15:14,15:20,375,15,537
2021-05-12,19:12,19:17,202,8,295
2021-05-12,19:33,19:44,95,4,139
2021-05-12,20:25,20:29,207,7,299
2021-05-13,09:14,09:39,443,18,614
2021-05-13,09:45,10:03,306,12,423
2021-05-13,11:32,11:39,310,11,447
2021-05-13,11:55,12:01,381,15,526
2021-05-13,13:34,13:42,443,18,644
2021-05-13,14:06,14:24,251,9,359
2021-05-13,14:49,14:53,133,5,194
2021-05-13,14:55,15:08,71,2,104
2021-05-13,17:25,17:29,187,7,260
2021-05-13,17:30,17:39,945,43,1096
2021-05-13,18:43,19:09,2137,87,2721
2021-05-14,10:36,10:40,46,2,67
2021-05-14,11:26,11:32,238,8,346
2021-05-14,12:21,12:43,50,2,73
2021-05-14,13:28,13:32,83,3,122
2021-05-14,13:49,13:57,443,17,625
2021-05-14,14:09,14:41,1882,76,2660
2021-05-14,14:57,15:11,65,2,95
2021-05-14,16:17,16:31,248,9,334
2021-05-14,17:32,17:37,137,4,200
2021-05-14,18:55,19:12,136,5,198
2021-05-15,15:01,15:10,75,2,110
2021-05-15,16:07,16:23,215,8,307
2021-05-15,16:50,17:14,909,37,1168
2021-05-15,17:15,17:21,657,28,827
2021-05-15,19:25,19:33,82,3,120
2021-05-15,22:27,22:32,145,4,211
2021-05-15,23:20,23:24,66,3,96
2021-05-16,09:13,09:23,85,3,125
2021-05-16,11:21,11:42,176,6,257
2021-05-16,12:14,12:24,487,20,684
2021-05-16,13:15,13:19,70,2,102
2021-05-16,14:57,15:09,246,10,358
2021-05-16,17:56,18:00,190,8,264
2021-05-16,19:13,19:31,158,6,230
2021-05-16,19:44,19:49,388,16,545
2021-05-17,07:54,08:15,54,2,79
2021-05-17,09:09,09:13,41,2,61
2021-05-17,10:05,10:23,251,9,365
2021-05-18,09:53,10:28,159,8,232
2021-05-18,12:08,12:13,201,9,276
2021-05-18,12:54,13:02,310,11,452
2021-05-18,14:43,14:49,282,10,408
2021-05-18,16:40,16:45,237,9,345
2021-05-18,18:27,18:39,44,2,64
2021-05-18,19:08,19:33,1002,41,1433
2021-05-18,20:48,20:53,322,12,444
2021-05-18,21:04,21:08,298,12,418
2021-05-19,06:57,07:06,50,2,73
2021-05-19,10:03,10:09,149,5,218
2021-05-19,10:47,11:21,413,17,578
2021-05-19,11:37,11:51,694,27,983
2021-05-19,12:57,13:03,101,3,148
2021-05-19,14:24,14:40,61,2,90
2021-05-19,15:21,15:52,1497,58,2169
2021-05-19,17:13,17:46,1348,46,1928
2021-05-20,08:09,08:26,193,5,281
2021-05-20,09:41,09:46,110,3,161
2021-05-20,10:14,10:28,41,2,61
2021-05-20,10:50,11:12,1013,40,1459
2021-05-20,12:34,12:42,240,7,326
2021-05-20,16:47,16:53,261,9,380
2021-05-20,17:01,17:21,156,5,227
2021-05-20,18:29,18:42,567,21,768
2021-05-20,18:48,18:57,227,8,308
2021-05-20,19:09,19:15,392,16,539
2021-05-20,20:15,20:20,131,4,191
2021-05-21,11:45,12:05,87,5,127
2021-05-21,12:44,13:19,258,12,376
2021-05-21,15:31,15:36,273,10,392
2021-05-21,17:47,18:06,806,29,1169
2021-05-22,08:40,08:47,81,3,118
2021-05-22,11:51,11:59,424,14,613
2021-05-22,13:35,13:39,92,2,134
2021-05-22,14:10,14:28,900,34,1274
2021-05-22,15:38,15:43,249,8,362
2021-05-22,15:56,16:16,294,11,426
2021-05-22,16:43,16:54,346,10,504
2021-05-22,23:15,23:20,178,5,260
2021-05-23,11:51,12:09,248,9,352
2021-05-23,12:38,13:06,149,7,218
2021-05-23,14:10,14:39,222,10,324
2021-05-23,14:40,15:30,2111,81,3004
2021-05-23,19:58,20:08,675,28,913
2021-05-24,08:44,08:50,292,10,410
2021-05-24,09:47,09:52,51,2,75
2021-05-24,11:09,11:14,141,5,206
2021-05-24,11:54,12:12,81,2,118
2021-05-25,09:03,09:18,94,4,137
2021-05-25,09:21,09:27,158,5,231
2021-05-27,12:51,13:03,459,15,668
2021-05-27,14:43,14:52,94,2,138
2021-05-27,17:36,17:42,82,3,120
2021-05-27,18:07,18:11,76,2,111
2021-05-27,18:59,19:06,245,9,357
2021-05-27,19:36,19:41,99,4,145
2021-05-27,20:53,20:58,301,12,427
2021-05-28,09:34,09:40,111,4,162
2021-05-28,09:53,09:59,357,13,518
2021-05-28,10:01,10:18,85,3,124
2021-05-28,10:40,11:01,177,6,258
2021-05-28,13:37,13:43,363,14,528
2021-05-28,13:45,13:58,183,7,267
2021-05-28,16:02,16:06,51,2,75
2021-05-28,17:03,17:20,980,38,1391
2021-05-28,18:14,18:18,81,2,118
2021-05-28,18:47,18:58,214,7,306
2021-05-28,19:51,20:01,302,10,440
2021-05-28,22:11,22:18,194,7,282
2021-05-29,09:54,10:12,120,4,175
2021-05-30,22:06,22:16,59,2,87
2021-06-01,14:02,14:15,484,16,687
2021-06-01,14:45,15:08,191,6,279
2021-06-02,10:52,11:25,224,8,327
2021-06-02,11:35,12:02,1471,59,2085
2021-06-02,13:42,13:55,626,23,876
2021-06-02,20:24,20:44,366,17,519
2021-06-02,21:04,21:08,105,4,154
2021-06-02,22:23,22:27,270,11,377
2021-06-03,09:33,09:39,117,3,171
2021-06-03,11:01,11:05,157,7,223
2021-06-03,11:31,11:35,265,10,372
2021-06-03,12:08,12:13,244,7,356
2021-06-03,13:52,13:56,74,3,109
2021-06-03,15:50,15:54,78,3,114
2021-06-03,16:01,16:05,96,3,140
2021-06-03,17:52,18:01,417,16,604
2021-06-03,20:39,20:45,264,8,383
2021-06-04,12:10,12:14,175,6,255
2021-06-04,13:29,13:40,452,14,654
2021-06-04,14:58,15:03,274,9,397
2021-06-04,15:34,15:44,534,20,776
2021-06-05,12:47,12:58,669,27,971
2021-06-05,13:05,13:39,246,11,358
2021-06-05,15:54,16:04,422,17,591
2021-06-05,18:41,18:48,130,4,190
2021-06-05,19:21,19:33,416,15,605
2021-06-05,19:53,20:12,297,14,432
2021-06-05,20:31,20:35,136,5,199
2021-06-06,11:15,11:21,372,14,512
2021-06-06,12:39,12:46,331,12,472
2021-06-06,14:23,14:31,242,7,353
2021-06-06,17:26,17:34,375,15,507
2021-06-06,20:09,20:22,67,3,98
2021-06-06,21:11,21:17,374,14,513
2021-06-07,12:00,12:23,61,2,89
2021-06-07,12:27,12:31,158,4,230
2021-06-07,13:12,13:26,766,30,1094
2021-06-08,21:41,21:45,83,2,122
2021-06-09,10:08,10:19,615,25,867
2021-06-09,10:36,11:00,164,5,239
2021-06-09,11:05,11:09,103,3,150
2021-06-09,11:26,11:32,83,4,122
2021-06-09,12:16,12:36,1050,41,1486
2021-06-09,13:29,13:36,384,12,550
2021-06-09,14:31,14:35,200,7,291
2021-06-09,14:56,15:01,200,7,291
2021-06-09,15:02,15:10,830,34,977
2021-06-09,15:11,15:26,509,19,726
2021-06-09,15:27,15:34,685,30,810
2021-06-12,17:29,17:38,428,17,617
2021-06-12,18:45,19:02,497,18,716
2021-06-12,19:50,20:04,93,4,136
2021-06-13,09:51,09:56,89,4,130
2021-06-13,13:08,13:15,238,8,346
2021-06-13,14:20,14:26,297,10,432
2021-06-15,14:46,14:53,235,7,343
2021-06-15,14:59,15:05,158,4,231
2021-06-15,15:43,15:51,258,7,369
2021-06-15,16:47,16:52,134,4,195
2021-06-15,17:56,18:20,156,6,227
2021-06-15,18:27,18:47,101,4,148
2021-06-15,19:56,20:01,206,6,300
2021-06-15,20:14,20:25,91,3,133
2021-06-16,11:16,11:34,452,15,658
2021-06-16,11:55,12:14,549,18,794
2021-06-16,15:27,15:33,155,6,226
2021-06-16,19:03,19:18,336,11,489
2021-06-16,21:44,21:48,287,11,386
2021-06-17,09:45,09:49,130,4,189
2021-06-17,13:40,13:55,517,21,700
2021-06-17,15:57,16:15,220,8,320
2021-06-17,17:21,17:25,246,9,346
2021-06-17,17:44,17:48,178,4,259
2021-06-17,20:17,20:22,308,11,424
2021-06-18,09:04,09:08,67,2,98
2021-06-18,09:37,09:49,416,14,592
2021-06-18,10:59,11:05,262,10,382
2021-06-18,11:31,11:36,132,4,193
2021-06-18,12:04,12:08,229,9,334
2021-06-18,13:21,14:03,1323,51,1884
2021-06-20,17:11,17:21,329,10,479
2021-06-20,20:03,20:10,361,11,517
2021-06-20,22:20,22:28,212,7,309
2021-06-21,10:29,10:34,167,5,243
2021-06-21,12:14,12:21,203,6,296
2021-06-21,14:58,15:14,214,8,309
2021-06-21,17:26,17:32,240,8,349
2021-06-21,21:17,21:25,401,14,581
2021-06-21,22:55,22:59,110,3,160
2021-06-22,08:19,08:24,186,7,257
2021-06-22,11:36,11:47,288,10,420
2021-06-22,12:26,12:35,449,16,653
2021-06-22,13:36,13:47,102,3,149
2021-06-22,20:37,20:50,196,7,280
2021-06-22,21:24,21:29,213,5,310
2021-06-22,23:17,23:23,182,7,265
2021-06-23,08:13,08:35,438,17,637
2021-06-23,10:41,10:53,115,4,168
2021-06-23,11:04,11:36,967,34,1397
2021-06-23,11:38,11:54,156,4,227
2021-06-23,11:55,12:20,588,21,853
2021-06-23,12:30,12:41,123,4,179
2021-06-23,12:57,13:03,73,4,107
2021-06-24,08:29,08:34,219,8,304
2021-06-24,10:03,10:12,295,10,430
2021-06-24,10:22,10:50,801,31,1159
2021-06-24,11:48,12:17,834,31,1193
2021-06-24,12:18,12:26,741,32,945
2021-06-24,12:27,13:03,967,32,1406
2021-06-24,13:58,14:13,369,13,529
2021-06-24,15:21,15:32,683,26,947
2021-06-24,15:33,16:08,1367,52,1856
2021-06-24,16:29,16:34,134,5,196
2021-06-24,18:43,18:48,517,21,635
2021-06-24,18:53,18:58,423,17,576
2021-06-24,19:04,19:29,1754,74,2384
2021-06-24,19:30,20:04,2679,113,3480
2021-06-24,20:10,20:14,230,9,317
2021-06-24,20:15,20:20,485,20,613
2021-06-24,20:25,20:30,167,5,244
2021-06-25,22:58,23:05,115,3,168
2021-06-27,07:26,07:30,185,8,270
2021-07-06,14:58,15:03,77,4,112
2021-07-06,15:11,15:26,557,17,786
2021-07-06,15:30,15:47,831,35,1038
2021-07-06,15:48,15:52,412,17,519
2021-07-06,15:53,16:13,1762,74,2200
2021-07-06,16:14,16:30,1294,53,1620
2021-07-06,16:53,17:09,1392,58,1749
2021-07-06,17:10,17:25,1403,58,1713
2021-07-06,17:26,17:35,434,16,542
2021-07-06,17:36,17:41,452,19,545
2021-07-06,17:42,17:51,496,19,649
2021-07-07,12:49,12:54,221,8,322
2021-07-07,13:11,13:17,137,4,200
2021-07-07,14:09,14:21,474,16,690
2021-07-07,14:40,14:45,143,5,209
2021-07-07,16:07,16:17,447,18,645
2021-07-07,16:18,16:41,140,7,204
2021-07-07,16:59,17:08,332,12,483
2021-07-07,17:27,17:40,359,11,522
2021-07-07,23:37,23:42,138,5,202
2021-07-08,10:09,10:16,180,6,263
2021-07-08,10:41,10:46,180,5,263
2021-07-08,10:47,10:57,470,20,619
2021-07-08,10:58,11:02,178,6,259
2021-07-08,11:10,11:14,110,3,160
2021-07-08,14:21,14:30,116,3,169
2021-07-08,14:37,14:41,97,3,142
2021-07-08,14:47,14:59,99,4,145
2021-07-12,15:18,15:23,572,24,670
2021-07-12,15:24,15:28,375,14,468
2021-07-12,15:37,15:51,145,4,212
2021-07-12,16:33,16:47,385,15,551
2021-07-12,17:02,17:09,162,5,236
2021-07-12,17:27,17:33,629,26,759
2021-07-12,17:34,17:52,784,30,1071
2021-07-12,17:54,18:35,1737,71,2295
2021-07-14,14:10,14:23,970,40,1230
2021-07-14,14:38,14:42,112,3,164
2021-07-14,14:55,15:19,159,7,232
2021-07-14,15:20,15:24,112,3,164
2021-07-14,15:31,15:37,187,4,272
2021-07-14,15:59,16:05,247,9,360
2021-07-14,16:14,16:31,1269,52,1582
2021-07-14,16:33,16:53,242,10,323
2021-07-14,16:54,17:05,1041,43,1278
2021-07-14,17:06,17:10,165,6,240
2021-07-16,14:56,15:07,835,34,1093
2021-07-16,15:21,15:32,406,16,563
2021-07-16,15:42,15:46,187,6,273
2021-07-16,16:20,16:26,116,4,169
2021-07-16,16:52,17:08,632,22,873
2021-07-16,17:42,17:46,361,15,439
2021-07-19,15:18,15:24,175,5,255
2021-07-19,15:25,15:33,786,32,962
2021-07-19,15:34,15:39,178,6,260
2021-07-19,16:33,16:55,147,6,214
2021-07-19,16:58,17:21,397,12,578
2021-07-19,17:22,17:28,612,25,749
2021-07-19,17:29,17:33,247,9,345
2021-07-19,17:34,17:39,528,21,644
2021-07-19,17:40,17:52,198,8,288
2021-07-19,18:00,18:04,216,6,311
2021-07-24,15:13,15:29,241,9,336
2021-07-24,15:38,15:44,268,10,391
2021-07-24,15:45,15:53,881,36,1018
2021-07-24,15:54,15:58,234,9,329
2021-07-24,16:45,17:05,440,17,641
2021-07-24,17:31,17:35,437,18,535
2021-07-25,09:34,09:47,370,15,474
2021-07-25,09:48,09:52,398,16,501
2021-07-25,11:08,11:13,163,5,233
2021-07-25,11:52,12:00,291,10,423
2021-07-25,12:04,12:09,539,23,647
2021-07-26,14:53,14:57,185,5,270
2021-07-26,15:00,15:28,380,16,530
2021-07-26,15:30,15:36,250,9,353
2021-07-26,15:37,15:46,917,39,1086
2021-07-26,15:47,15:55,165,5,241
2021-07-26,16:05,16:19,222,9,324
2021-07-26,16:25,17:03,739,28,1075
2021-07-26,17:05,17:23,211,7,308
2021-07-26,17:34,17:47,1345,60,1581
2021-07-26,17:48,18:02,341,15,460
2021-07-26,18:03,18:18,1245,52,1605
2021-07-26,18:42,19:01,475,19,670
2021-07-28,15:59,16:03,212,7,290
2021-07-28,16:17,16:24,116,4,170
2021-07-28,16:28,16:38,999,41,1184
2021-07-28,17:07,17:24,253,9,368
2021-07-28,17:30,18:05,735,28,1052
2021-07-28,18:06,18:11,601,26,712
2021-07-28,18:17,18:41,955,36,1321
2021-07-28,18:46,18:50,415,17,521
2021-07-28,18:51,19:01,279,10,406
2021-07-28,19:12,19:17,141,3,206
2021-07-30,16:15,16:26,1067,43,1293
2021-07-30,16:48,16:54,165,5,241
2021-07-30,16:55,17:03,786,32,975
2021-07-30,17:26,17:30,108,4,158
2021-07-30,17:32,18:06,344,14,501
2021-07-30,18:14,18:20,168,5,245
2021-07-30,18:30,18:39,343,12,485
2021-07-30,18:44,18:57,1054,43,1335
2021-07-30,18:58,19:05,156,4,227
2021-07-30,19:21,19:30,888,36,1077
2021-07-30,19:31,19:38,202,6,289
2021-08-02,14:28,14:40,378,14,550
2021-08-02,14:50,14:54,59,3,87
2021-08-02,15:08,15:12,135,4,197
2021-08-02,15:17,15:26,947,40,1107
2021-08-02,15:48,16:07,308,11,449
2021-08-02,16:17,16:21,96,3,140
2021-08-02,16:30,16:34,48,2,71
2021-08-02,16:42,16:47,199,6,290
2021-08-02,16:55,17:08,524,20,716
2021-08-02,17:16,17:29,1223,50,1441
2021-08-02,17:30,17:36,189,5,276
2021-08-02,17:43,17:47,111,3,162
2021-08-04,15:52,16:01,825,33,1013
2021-08-04,16:03,16:27,542,21,752
2021-08-04,16:32,16:39,295,10,430
2021-08-04,16:40,16:50,781,32,995
2021-08-04,17:07,18:14,1366,47,1979
2021-08-04,18:15,18:18,393,17,453
2021-08-04,18:19,18:33,635,22,864
2021-08-04,18:34,18:40,552,23,711
2021-08-04,18:47,18:51,117,3,171
2021-08-04,19:01,19:12,430,17,584
2021-08-06,14:06,14:21,505,18,704
2021-08-06,14:32,14:40,311,12,449
2021-08-06,14:41,14:51,867,34,1096
2021-08-06,15:14,15:47,631,24,918
2021-08-06,15:49,16:08,300,11,420
2021-08-06,16:25,16:32,116,5,169
2021-08-06,16:39,16:59,1463,59,1887
2021-08-11,16:00,16:04,53,2,78
2021-08-11,16:15,16:27,723,28,1010
2021-08-11,18:30,18:39,476,18,690
2021-08-11,18:48,18:55,390,14,500
2021-08-11,18:56,19:03,785,33,906
2021-08-11,19:38,19:49,212,8,309
2021-08-11,19:55,21:06,1678,61,2417
2021-08-11,21:11,21:28,614,26,808
2021-08-11,21:32,21:36,154,5,224
2021-08-16,14:13,14:20,218,8,305
2021-08-16,14:29,14:39,158,6,231
2021-08-16,14:45,14:49,147,5,214
2021-08-16,14:50,15:16,472,20,665
2021-08-16,15:17,15:27,891,37,1086
2021-08-16,15:45,16:07,332,13,483
2021-08-16,16:15,16:41,562,21,818
2021-08-16,16:51,17:30,1384,54,1887
2021-08-16,17:31,17:38,601,24,759
2021-08-16,17:39,17:43,223,7,325
2021-08-16,17:51,17:59,767,31,950
2021-08-16,18:03,18:11,182,8,266
2021-08-18,14:01,14:11,403,13,587
2021-08-18,14:27,14:34,216,8,315
2021-08-18,14:35,14:43,779,31,956
2021-08-18,14:53,15:12,698,23,993
2021-08-18,15:21,15:49,512,19,741
2021-08-18,15:59,16:06,131,4,191
2021-08-18,16:18,16:28,130,5,189
2021-08-18,16:34,17:01,717,28,957
2021-08-18,17:02,17:10,816,33,980
2021-08-18,17:14,17:20,231,7,336
2021-08-18,17:31,17:35,222,8,323
2021-08-20,13:59,14:04,201,7,278
2021-08-20,14:27,14:34,216,8,312
2021-08-20,14:35,14:44,848,34,1043
2021-08-20,14:55,15:04,205,7,299
2021-08-20,15:26,15:32,98,3,143
2021-08-20,15:42,15:48,80,3,117
2021-08-20,16:03,16:34,958,32,1380
2021-08-20,16:35,16:38,339,13,421
2021-08-20,16:39,16:49,588,24,774
2021-08-20,17:15,17:20,226,9,324
2021-08-24,14:56,15:13,200,9,291
2021-08-24,15:22,15:27,123,4,180
2021-08-24,15:31,15:40,932,39,1094
2021-08-24,15:56,16:14,304,11,442
2021-08-24,16:16,16:32,237,8,345
2021-08-24,16:33,17:24,1307,46,1900
2021-08-24,17:29,17:42,1212,49,1473
2021-08-24,17:43,18:02,465,18,607
2021-08-24,18:03,18:11,278,11,405
2021-08-24,18:18,18:22,165,6,241
2021-08-26,15:28,15:39,388,15,494
2021-08-26,15:52,16:10,1081,44,1396
2021-08-26,16:14,16:29,466,18,582
2021-08-26,16:42,16:47,240,9,349
2021-08-27,13:38,13:43,172,5,251
2021-08-27,14:13,14:21,270,8,386
2021-08-27,14:22,14:32,826,35,1033
2021-08-27,14:33,15:05,373,12,543
2021-08-27,15:06,15:10,108,2,157
2021-08-27,15:24,15:49,674,26,885
2021-08-27,15:50,15:57,724,29,870
2021-08-27,16:04,16:11,244,8,356
2021-08-27,16:24,16:29,195,8,282
2021-08-31,14:36,14:45,929,38,1101
2021-08-31,14:49,14:58,594,23,801
2021-08-31,14:59,15:16,1365,55,1722
2021-08-31,15:17,15:24,322,12,458
2021-08-31,15:26,15:44,205,7,299
2021-08-31,16:14,16:34,520,19,757
2021-08-31,16:35,16:40,452,18,592
2021-08-31,16:41,16:54,647,26,854
2021-08-31,17:15,17:19,155,6,222
2021-09-01,17:50,18:09,343,13,499
2021-09-01,18:11,18:32,538,20,727
2021-09-01,18:33,18:44,468,16,681
2021-09-01,22:58,23:04,138,6,201
2021-09-01,23:12,23:16,114,3,167
2021-09-02,07:44,07:48,90,2,132
2021-09-02,07:55,08:07,136,5,198
2021-09-02,08:11,08:22,464,16,656
2021-09-02,08:26,08:38,118,4,172
2021-09-02,09:12,09:18,582,23,712
2021-09-02,09:19,09:30,440,17,602
2021-09-02,09:31,09:39,723,30,921
2021-09-02,09:40,09:47,269,8,392
2021-09-02,09:58,10:03,88,3,129
2021-09-02,10:23,10:29,419,17,546
2021-09-02,10:30,10:49,782,28,1079
2021-09-02,10:59,11:07,186,6,271
2021-09-02,11:08,11:11,312,12,398
2021-09-02,11:12,11:22,483,18,680
2021-09-02,11:23,11:30,651,26,824
2021-09-02,11:31,11:35,244,8,355
2021-09-02,11:36,11:43,679,27,842
2021-09-02,11:49,11:56,712,29,863
2021-09-02,11:57,12:14,175,7,255
2021-09-02,12:22,12:29,202,8,295
2021-09-02,12:56,13:02,282,9,397
2021-09-02,13:03,13:13,962,39,1165
2021-09-02,13:49,14:06,172,7,243
2021-09-02,16:39,16:44,266,10,358
2021-09-02,18:43,18:48,154,5,225
2021-09-03,08:13,08:20,391,14,527
2021-09-03,09:21,09:29,849,34,1000
2021-09-03,09:30,09:35,116,4,170
2021-09-03,09:53,10:13,1150,48,1434
2021-09-03,10:14,10:24,771,30,926
2021-09-03,17:47,17:52,336,12,435
2021-09-03,18:07,18:15,228,8,332
2021-09-03,18:16,18:23,792,32,923
2021-09-03,18:24,18:28,160,6,234
2021-09-03,18:30,18:44,64,2,94
2021-09-03,18:45,18:53,224,7,326
2021-09-03,19:13,19:17,143,4,208
2021-09-03,19:24,19:43,188,6,274
2021-09-03,19:44,19:49,189,6,275
2021-09-04,11:08,11:15,260,8,379
2021-09-04,11:16,11:43,2448,100,2950
2021-09-04,11:44,12:08,2035,83,2542
2021-09-04,12:09,12:35,2555,105,3000
2021-09-04,12:36,12:49,1182,48,1464
2021-09-04,12:52,13:50,5290,217,6329
2021-09-04,18:10,18:15,352,13,445
2021-09-04,18:16,18:22,622,25,755
2021-09-04,18:23,18:29,268,10,354
2021-09-04,18:33,18:41,825,34,984
2021-09-13,11:34,11:38,251,9,315
2021-09-13,11:50,12:13,498,21,659
2021-09-13,12:31,12:41,361,12,525
2021-09-13,12:42,12:57,161,5,235
2021-09-13,13:37,13:46,376,13,538
2021-09-13,14:27,14:43,206,8,295
2021-09-13,18:56,19:10,282,10,411
2021-09-13,20:15,20:19,152,3,222
2021-09-13,20:58,21:17,112,2,163
2021-09-13,21:18,21:22,180,5,263
2021-09-13,23:22,23:42,101,4,148
2021-09-15,10:14,10:19,215,7,313
2021-09-15,10:21,10:35,316,13,427
2021-09-15,10:45,10:56,361,14,493
2021-09-15,11:15,11:41,866,35,1101
2021-09-15,11:54,12:04,278,10,405
2021-09-15,12:42,12:53,154,5,225
2021-09-15,13:42,13:58,346,13,452
2021-09-15,14:18,14:23,178,6,259
2021-09-15,14:25,14:38,242,8,335
2021-09-15,14:39,14:46,784,32,906
2021-09-15,14:52,14:57,116,4,169
2021-09-15,15:13,15:27,183,7,267
2021-09-15,15:34,15:46,126,3,184
2021-09-15,15:57,16:24,359,12,522
2021-09-15,16:25,16:42,286,11,417
2021-09-15,16:50,17:05,123,5,179
2021-09-15,17:06,17:10,59,2,87
2021-09-15,17:19,17:26,235,7,342
2021-09-15,17:27,17:34,705,28,844
2021-09-15,17:35,17:53,317,11,410
2021-09-15,17:59,18:04,189,7,272
2021-09-17,17:22,17:28,108,4,157
2021-09-17,17:29,17:43,1123,45,1358
2021-09-17,17:59,18:03,141,5,206
2021-09-17,18:15,18:20,140,4,204
2021-09-17,18:29,18:36,116,4,170
2021-09-17,18:55,19:03,260,8,379
2021-09-17,19:16,19:27,230,7,335
2021-09-17,19:47,20:08,681,26,863
2021-09-17,20:09,20:13,464,19,551
2021-09-17,20:25,20:32,308,12,436
2021-09-17,20:40,20:44,193,6,281
2021-09-20,16:25,16:29,78,3,114
2021-09-20,16:46,16:53,248,8,361
2021-09-20,16:54,17:02,855,35,1001
2021-09-20,17:42,17:59,242,12,353
2021-09-20,18:06,18:18,349,12,508
2021-09-20,18:44,19:07,501,17,729
2021-09-20,19:08,19:20,992,40,1263
2021-09-20,19:27,19:34,205,7,298
2021-09-22,15:08,15:17,918,37,1096
2021-09-22,15:18,15:22,51,3,75
2021-09-22,15:23,15:37,126,4,184
2021-09-22,15:49,15:55,88,3,128
2021-09-22,16:32,16:48,326,9,475
2021-09-22,17:06,17:35,573,19,833
2021-09-22,17:39,17:50,931,38,1191
2021-09-22,17:56,18:02,146,4,213
2021-09-22,18:13,18:24,333,13,485
2021-09-23,09:52,10:16,271,11,394
2021-09-23,13:28,13:32,155,5,219
2021-09-23,17:00,17:19,310,10,451
2021-09-23,18:01,18:06,79,2,115
2021-09-23,19:14,19:25,199,6,290
2021-09-23,21:37,21:44,132,4,192
2021-09-23,22:00,22:06,90,4,132
2021-09-23,22:07,22:35,121,5,177
2021-09-23,23:01,23:18,361,12,525
2021-09-23,23:43,23:48,151,3,220
2021-09-24,09:12,09:28,480,17,698
2021-09-24,09:38,09:53,328,10,477
2021-09-24,10:09,10:36,1158,47,1558
2021-09-24,10:41,10:59,1647,68,1964
2021-09-25,18:08,18:13,88,3,128
2021-09-25,19:10,19:14,101,2,148
2021-09-25,19:27,19:37,316,10,460
2021-09-25,20:17,20:36,262,9,382
2021-09-25,22:06,22:10,90,2,132
2021-09-25,22:29,22:35,174,7,254
2021-09-25,22:50,23:09,432,16,628
2021-09-25,23:25,23:42,106,3,155
2021-09-26,08:26,08:33,171,5,249
2021-09-26,13:04,13:21,327,12,474
2021-09-27,13:55,14:00,337,12,460
2021-10-16,12:20,12:27,465,18,555
2021-10-16,13:50,13:54,248,8,342
2021-10-16,13:55,13:59,492,21,580
2021-10-16,14:00,14:14,509,19,734
2021-10-16,14:31,14:54,201,7,293
2021-10-16,14:55,15:06,803,33,1019
2021-10-16,15:07,15:11,472,19,556
2021-11-06,13:32,13:43,818,32,1064
2021-11-06,15:01,15:08,523,21,693
2021-11-06,15:09,15:20,377,15,548
2021-11-06,15:22,15:51,317,12,462
2021-11-06,15:52,15:58,163,6,238
2021-11-06,16:00,16:23,250,11,364
2021-11-06,16:24,16:41,639,23,910
2021-11-06,16:42,17:00,128,5,187
2021-11-06,17:01,17:06,223,9,306
2021-11-06,17:50,19:09,2176,78,3105
2021-11-06,19:15,19:34,652,24,940
2021-11-06,19:46,19:55,330,12,470
2021-11-06,19:56,19:59,267,11,363
2021-11-06,20:00,20:28,1618,65,2287
2021-11-06,20:29,20:33,371,15,493
2021-11-06,20:34,20:39,254,10,354
2021-11-06,22:46,22:50,125,5,183
2021-11-06,22:51,22:56,534,22,646
2021-11-06,23:50,23:59,194,7,260
2021-11-07,07:55,08:05,279,8,406
2021-11-07,08:15,08:23,318,13,448
2021-11-07,10:19,10:29,154,4,224
2021-11-07,10:30,10:37,745,30,883
2021-11-07,10:38,10:51,631,23,875
2021-11-07,12:58,13:01,317,13,407
2021-11-07,13:02,13:07,130,4,190
2021-11-07,13:34,13:38,447,18,541
2021-11-07,13:46,14:02,1302,52,1622
2021-11-07,14:03,14:31,1121,50,1467
2021-11-07,14:40,14:45,150,4,219
2021-11-07,14:55,15:11,1174,47,1527
2021-11-07,18:04,18:09,512,20,633
2021-11-07,19:04,19:10,525,21,663
2021-11-07,20:28,20:32,458,19,534
2021-11-07,20:37,20:41,52,2,77
2021-11-07,22:58,23:02,41,2,60
2021-11-08,08:21,08:27,607,25,745
2021-11-08,08:28,08:33,210,8,306
2021-11-08,12:30,12:40,475,17,685
2021-11-08,13:05,13:16,608,24,780
2021-11-08,18:05,18:11,487,19,605
2021-11-08,18:42,19:03,897,37,1185
2021-11-08,20:55,21:07,579,19,842
2021-11-08,22:30,22:46,71,2,104
2021-11-09,09:52,10:06,65,2,95
2021-11-09,11:28,11:36,184,6,254
2021-11-09,12:07,12:12,517,21,629
2021-11-09,12:13,12:17,165,4,240
2021-11-09,12:45,13:18,2242,93,3057
2021-11-09,13:19,13:24,474,20,610
2021-11-09,13:25,13:29,306,12,417
2021-11-09,13:31,13:50,373,15,502
2021-11-09,13:56,14:00,176,5,252
2021-11-09,14:35,14:39,249,10,361
2021-11-09,15:55,15:59,130,4,189
2021-11-09,16:38,16:42,160,5,224
2021-11-09,19:20,19:24,70,2,103
2021-11-09,19:25,19:29,491,20,567
2021-11-09,19:55,19:59,268,10,361
2021-11-09,21:21,21:54,271,12,395
2021-11-10,09:36,09:42,122,4,178
2021-11-10,09:43,09:56,1226,51,1501
2021-11-10,09:57,10:02,184,7,263
2021-11-10,10:03,10:15,657,33,793
2021-11-10,10:16,10:44,784,23,1140
2021-11-10,10:46,11:01,240,9,340
2021-11-10,11:02,11:06,433,17,532
2021-11-10,12:36,12:40,77,2,112
2021-11-10,12:41,12:46,562,23,664
2021-11-10,12:47,12:53,279,10,395
2021-11-10,12:55,13:13,178,6,259
2021-11-10,13:34,14:05,1425,56,2012
2021-11-10,14:10,14:17,609,24,776
2021-11-10,14:18,14:34,696,29,944
2021-11-10,14:35,14:45,898,37,1135
2021-11-11,12:45,12:57,631,25,814
2021-11-11,13:09,13:13,218,8,318
2021-11-11,13:14,13:25,608,24,800
2021-11-11,13:26,13:31,83,2,122
2021-11-11,13:49,13:54,307,12,434
2021-11-11,13:55,14:09,754,31,1051
2021-11-11,18:24,18:38,620,27,782
2021-11-11,19:26,19:33,527,21,672
2021-11-11,19:34,19:47,111,4,162
2021-11-12,12:58,13:12,591,26,783
2021-11-12,13:32,13:38,641,26,766
2021-11-12,13:39,14:00,538,20,779
2021-11-12,14:10,14:14,149,5,217
2021-11-12,14:26,14:48,652,21,944
2021-11-12,14:56,15:00,459,18,548
2021-11-12,15:01,15:17,896,37,1115
2021-11-12,15:18,15:22,449,18,517
2021-11-12,16:14,16:18,145,5,210
2021-11-12,17:59,22:04,611,27,724
2021-11-12,22:20,22:24,442,18,537
2021-11-13,13:28,13:32,445,18,539
2021-11-13,13:33,13:41,200,7,285
2021-11-13,13:57,14:04,492,20,636
2021-11-13,19:21,19:32,393,16,512
2021-11-13,19:33,19:40,659,27,815
2021-11-13,19:41,19:45,280,13,337
2021-11-13,20:45,20:53,604,24,782
2021-11-13,21:26,21:30,294,12,403
2021-11-13,22:16,22:21,477,19,607
2021-11-13,22:50,23:00,521,20,714
2021-11-13,23:01,23:13,959,40,1271
2021-11-13,23:14,23:25,864,36,1154
2021-11-13,23:26,23:32,396,16,551
2021-11-13,23:33,23:38,320,12,462
2021-11-13,23:39,23:42,329,13,415
2021-11-13,23:43,23:48,279,10,400
2021-11-13,23:49,23:53,420,17,524
2021-11-13,23:54,23:58,239,9,336
2021-11-14,09:35,09:47,205,9,298
2021-11-17,13:11,13:15,418,17,534
2021-11-17,13:53,14:02,799,32,982
2021-11-17,14:06,14:10,171,5,247
2021-11-17,14:16,14:33,186,8,271
2021-11-17,14:35,14:55,207,7,302
2021-11-17,14:56,15:02,180,6,249
2021-11-17,15:22,15:26,127,3,186
2021-11-17,18:59,19:03,88,2,129
2021-11-17,19:04,19:08,438,18,547
2021-11-17,19:09,19:15,280,10,402
2021-11-17,19:57,20:03,259,10,359
2021-11-17,20:14,20:19,551,22,657
2021-11-18,22:19,22:25,651,28,812
2021-11-26,13:41,13:58,1434,58,1774
2021-11-26,14:19,14:38,667,22,970
2021-11-26,14:52,14:58,147,4,215
2021-12-12,18:05,18:10,124,5,181
2021-12-12,18:34,18:52,772,30,1016
2021-12-14,14:49,15:03,635,25,905
2022-02-27,12:12,12:19,253,10,358
2022-02-27,12:20,12:25,513,21,632
2022-02-27,12:40,12:44,145,5,211
2022-02-27,12:45,12:50,587,24,692
2022-02-27,12:53,12:58,398,16,548
2022-02-27,12:59,13:18,1832,78,2302
2022-02-27,13:22,13:29,285,9,415
2022-02-27,13:42,13:49,665,27,833
2022-02-27,13:50,13:57,484,20,650
2022-02-27,14:20,14:28,83,4,122
2022-02-28,11:25,11:30,573,24,670
2022-02-28,11:31,11:36,157,5,225
2022-02-28,13:31,13:35,467,19,553
2022-02-28,15:18,15:46,1147,43,1523
2022-02-28,16:08,16:12,156,6,219
2022-02-28,16:15,16:29,471,19,641
2022-03-01,12:06,12:10,52,2,77
2022-03-01,12:26,12:35,863,34,1081
2022-03-01,13:35,13:43,640,25,819
2022-03-01,13:58,14:07,351,11,497
2022-03-01,14:08,14:13,414,17,484
2022-03-01,16:12,16:24,78,3,114
2022-03-01,16:25,16:31,640,27,763
2022-03-01,18:31,18:49,423,15,535
2022-03-01,18:50,18:55,512,20,634
2022-03-01,20:11,20:19,729,29,938
2022-03-01,21:57,22:02,377,14,508
2022-03-02,10:33,10:45,835,35,1057
2022-03-02,12:31,12:40,930,38,1174
2022-03-02,13:49,13:54,416,15,513
2022-03-02,14:41,15:02,723,28,1048
2022-03-02,15:28,15:39,715,28,966
2022-03-02,16:53,16:58,284,11,404
2022-03-02,18:28,18:38,439,17,586
2022-03-02,18:47,18:53,225,9,326
2022-03-02,18:54,18:58,389,16,505
2022-03-02,18:59,19:03,167,5,231
2022-03-02,19:10,19:22,584,22,813
2022-03-02,19:35,19:46,591,19,827
2022-03-02,23:01,23:05,84,2,123
2022-03-04,16:35,16:41,180,5,255
2022-03-04,17:24,17:40,282,11,399
2022-03-04,19:05,19:09,479,21,571
2022-03-04,20:40,20:47,312,10,452
2022-03-04,21:52,21:56,344,13,448
2022-03-04,21:57,22:02,306,12,421
2022-03-04,22:03,22:20,853,33,1205
2022-03-05,10:06,10:20,412,12,600
2022-03-05,11:47,11:52,260,8,369
2022-03-05,12:10,12:14,202,7,295
2022-03-05,12:23,12:28,88,4,128
2022-03-05,12:29,12:33,464,19,549
2022-03-05,12:51,12:58,373,13,530
2022-03-05,13:06,13:11,246,9,356
2022-03-05,13:30,13:39,569,22,719
2022-03-05,13:45,13:49,97,2,142
2022-03-05,14:43,15:05,1408,54,1877
2022-03-05,15:36,15:48,513,21,719
2022-03-05,16:02,16:06,515,22,594
2022-03-05,16:07,16:17,414,15,561
2022-03-05,18:44,19:02,132,7,192
2022-03-05,19:09,19:19,230,8,319
2022-03-05,20:50,21:00,518,20,708
2022-03-05,21:19,21:24,216,8,306
2022-03-05,21:43,21:50,180,5,263
2022-03-05,21:51,22:06,1383,54,1699
2022-03-05,22:07,22:12,329,12,451
2022-03-05,22:34,22:44,277,10,380
2022-03-06,10:12,10:16,103,3,150
2022-03-06,10:17,10:24,671,26,862
2022-03-06,10:52,11:05,450,19,604
2022-03-06,12:02,12:06,179,6,256
2022-03-06,12:18,12:51,2399,100,3032
2022-03-06,12:52,13:05,102,4,149
2022-03-06,13:38,13:44,664,27,806
2022-03-06,17:01,17:05,385,15,502
2022-03-06,17:06,17:12,289,12,390
2022-03-06,18:16,18:29,1316,54,1616
2022-03-06,18:30,18:36,88,2,129
2022-03-06,18:45,18:49,424,16,502
2022-03-06,18:50,19:28,782,31,1024
2022-03-06,20:58,21:02,463,19,550
2022-03-07,11:17,11:23,119,4,173
2022-03-07,11:31,11:36,508,20,638
2022-03-07,13:29,13:35,557,21,702
2022-03-07,15:17,15:21,461,18,549
2022-03-07,15:22,15:28,347,12,463
2022-03-07,15:30,16:03,431,16,590
2022-03-07,16:04,16:08,425,16,527
2022-03-07,18:57,19:19,171,8,250
2022-03-07,19:29,19:33,472,18,555
2022-03-07,19:48,19:52,63,2,92
2022-03-07,20:41,20:45,232,8,334
2022-03-07,21:27,21:36,420,16,571
2022-03-07,21:55,22:18,160,7,233
2022-03-07,23:10,23:17,114,4,167
2022-03-08,12:20,12:30,566,20,749
2022-03-08,12:31,12:38,716,29,853
2022-03-08,13:37,13:42,567,22,667
2022-03-08,14:05,14:19,730,28,1034
2022-03-08,16:36,16:41,405,17,518
2022-03-08,18:47,18:57,597,23,767
2022-03-08,20:59,21:06,213,7,311
2022-03-08,22:24,22:37,107,4,156
2022-03-09,08:23,08:30,797,33,926
2022-03-09,10:33,10:42,620,27,819
2022-03-09,12:34,12:51,1289,51,1581
2022-03-09,14:40,14:44,234,9,308
2022-03-09,14:58,15:03,145,4,211
2022-03-09,18:00,18:05,308,12,414
2022-03-09,18:50,19:04,316,11,449
2022-03-09,20:05,20:22,669,25,912
2022-03-09,20:28,20:33,330,11,461
2022-03-09,21:20,21:27,371,14,490
2022-03-09,21:28,21:32,501,20,600
2022-03-09,22:48,23:05,635,24,798
2022-03-10,16:29,16:33,131,4,191
2022-03-10,17:17,17:23,419,15,552
2022-03-10,19:51,20:02,398,16,530
2022-03-12,20:07,20:21,680,26,915
2022-03-12,20:41,21:12,1173,42,1656
2022-03-12,21:13,21:17,485,19,563
2022-03-12,21:18,21:24,437,17,602
2022-03-12,21:25,21:28,301,12,397
2022-03-12,21:29,21:39,335,13,487
2022-03-12,21:46,21:51,219,8,298
2022-03-13,10:04,10:10,191,7,278
2022-03-13,12:56,13:09,568,21,758
2022-03-13,13:23,13:35,701,26,893
2022-03-13,18:04,18:12,61,3,89
2022-03-13,18:16,18:21,528,22,642
2022-03-13,18:22,18:26,105,2,153
2022-03-13,18:35,18:45,602,22,779
2022-03-14,11:17,11:27,59,2,86
2022-03-14,11:28,11:34,554,23,658
2022-03-14,13:33,13:38,559,23,662
2022-03-14,15:22,15:29,703,28,857
2022-03-14,15:47,15:55,569,23,724
2022-03-14,19:19,19:23,451,18,543
2022-03-14,19:24,19:33,154,4,225
2022-03-14,19:52,20:12,689,28,898
2022-03-15,12:26,12:34,652,24,792
2022-03-15,12:35,12:40,560,24,651
2022-03-15,13:39,13:45,503,19,645
2022-03-15,14:07,14:12,312,11,432
2022-03-15,16:15,16:25,277,10,363
2022-03-15,16:26,16:31,512,20,646
2022-03-15,18:38,18:54,392,15,525
2022-03-15,19:10,19:17,332,12,449
2022-03-15,21:02,21:11,79,2,115
2022-03-16,10:32,10:44,1135,44,1355
2022-03-16,12:31,12:38,783,32,905
2022-03-16,12:40,12:50,93,4,136
2022-03-16,12:56,13:06,585,24,765
2022-03-16,13:37,13:47,774,30,968
2022-03-16,15:57,16:02,532,21,670
2022-03-16,16:09,16:13,464,18,551
2022-03-16,17:17,17:27,72,3,106
2022-03-16,18:43,18:47,454,19,544
2022-03-16,19:43,19:47,418,16,508
2022-03-16,20:18,20:24,705,29,816
2022-03-16,20:54,21:05,359,13,488
2022-03-16,21:59,22:05,312,11,398
2022-03-16,23:01,23:06,574,22,671
2022-03-17,10:28,10:33,63,2,93
2022-03-17,14:31,14:35,448,17,567
2022-03-17,14:52,15:00,554,22,682
2022-03-17,18:58,19:05,112,4,164
2022-03-17,19:06,19:10,494,19,622
2022-03-17,19:11,19:16,304,10,415
2022-03-17,20:55,20:59,158,5,230
2022-03-17,21:12,21:18,231,8,325
2022-03-17,23:38,23:59,569,21,785
2022-03-18,12:37,12:49,641,25,804
2022-03-19,14:26,14:37,585,23,769
2022-03-19,14:54,15:00,202,6,295
2022-03-19,16:34,16:43,448,15,622
2022-03-19,16:44,16:48,379,15,487
2022-03-19,20:57,21:16,621,24,843
2022-03-19,21:17,21:22,378,14,522
2022-03-19,21:23,21:29,183,6,262
2022-03-19,21:44,21:53,709,28,915
2022-03-19,21:54,22:10,1096,44,1399
2022-03-20,12:29,12:51,737,30,949
2022-03-20,12:52,12:56,51,2,75
2022-03-20,13:26,13:34,751,29,937
2022-03-20,16:15,16:31,319,12,447
2022-03-20,16:32,16:36,345,13,451
2022-03-20,17:17,17:54,2934,114,3712
2022-03-20,17:55,18:02,469,18,641
2022-03-20,18:03,18:22,1604,63,2046
2022-03-20,18:41,18:46,219,9,298
2022-03-20,18:47,19:14,2072,83,2693
2022-03-20,19:15,19:24,602,22,827
2022-03-20,19:33,19:40,326,11,472
2022-03-20,21:47,21:56,816,32,1033
2022-03-20,22:39,22:46,537,21,705
2022-03-20,23:32,23:51,408,17,524
2022-03-21,11:32,11:38,577,24,685
2022-03-21,13:22,13:26,505,21,575
2022-03-21,13:27,13:31,163,4,237
2022-03-21,15:20,15:26,675,27,812
2022-03-21,15:35,15:51,366,14,491
2022-03-21,16:03,16:11,242,9,332
2022-03-21,16:12,16:16,362,14,435
2022-03-21,19:13,19:20,118,4,172
2022-03-21,19:31,19:35,453,18,544
2022-03-21,19:58,20:03,173,6,252
2022-03-21,23:12,23:20,659,26,868
2022-03-21,23:21,23:32,190,5,277
2022-03-22,12:28,12:39,1114,44,1335
2022-03-22,13:33,13:40,702,27,857
2022-03-22,14:36,14:44,469,18,619
2022-03-22,16:08,16:16,199,6,290
2022-03-22,16:32,16:36,359,14,467
2022-03-22,18:33,18:44,120,4,175
2022-03-22,18:54,18:59,202,7,284
2022-03-22,19:10,19:16,265,11,355
2022-03-22,22:50,22:54,94,3,137
2022-03-23,19:53,20:05,603,23,750
2022-03-23,20:13,20:22,581,23,742
2022-03-23,21:22,21:43,928,37,1223
2022-03-23,23:31,23:37,229,7,334
2022-03-23,23:38,23:46,566,22,705
2022-03-23,23:47,23:52,102,3,149
2022-03-24,14:45,14:49,444,17,537
2022-03-24,15:06,15:28,834,32,1077
2022-03-24,15:59,16:11,403,15,586
2022-03-25,12:39,13:17,1125,46,1396
2022-03-25,13:18,13:22,479,19,558
2022-03-25,13:23,13:27,134,4,195
2022-03-25,14:33,14:37,37,2,55
2022-03-25,20:02,20:06,352,14,429
2022-03-25,20:40,20:48,216,7,314
2022-03-25,20:54,21:04,397,14,533
2022-03-25,23:54,23:59,432,18,514
2022-03-26,08:18,08:22,72,2,106
2022-03-26,09:04,09:15,453,19,590
2022-03-26,10:04,10:12,697,27,877
2022-03-26,10:47,10:55,203,7,292
2022-03-26,11:16,11:21,127,3,186
2022-03-26,14:00,14:04,177,4,258
2022-03-26,16:21,16:28,467,18,665
2022-03-26,18:23,18:27,160,5,218
2022-03-26,18:40,18:44,250,8,356
2022-03-26,18:56,19:00,198,7,272
2022-03-26,19:01,19:05,484,21,575
2022-03-26,21:15,21:19,251,9,351
2022-03-26,22:10,22:14,425,16,527
2022-03-26,22:15,22:24,526,20,707
2022-03-26,22:25,22:54,2716,108,3249
2022-03-26,23:40,23:44,264,10,364
2022-03-27,12:15,12:19,99,2,144
2022-03-27,12:41,12:55,638,28,797
2022-03-27,12:56,13:02,266,8,387
2022-03-27,13:11,13:15,112,2,163
2022-03-27,16:01,16:05,227,7,311
2022-03-27,16:39,16:54,182,6,265
2022-03-27,19:59,20:16,69,3,101
2022-03-27,20:46,21:13,381,15,512
2022-03-27,21:23,21:30,459,17,654
2022-03-27,22:04,22:27,361,13,491
2022-03-28,11:37,11:41,479,21,585
2022-03-28,13:25,13:30,553,22,658
2022-03-28,15:45,16:04,723,26,936
2022-03-28,20:20,20:30,494,20,630
2022-03-28,20:45,20:49,434,17,518
2022-03-29,12:31,12:35,132,3,192
2022-03-29,12:36,12:45,779,34,963
2022-03-29,13:28,13:32,483,19,562
2022-03-29,13:33,13:39,341,13,439
2022-03-29,13:57,14:01,461,18,562
2022-03-29,16:36,16:40,455,19,565
2022-03-29,17:29,17:37,302,9,434
2022-03-29,18:34,18:42,355,13,478
2022-03-29,18:59,19:04,116,4,170
2022-03-29,19:11,19:20,316,12,456
2022-03-30,08:32,08:37,532,20,667
2022-03-30,10:35,10:41,629,25,756
2022-03-30,12:30,12:37,764,31,906
2022-03-30,12:38,12:44,135,3,197
2022-03-30,12:57,13:01,264,8,351
2022-03-30,13:52,14:08,828,32,1060
2022-03-30,15:46,16:07,863,32,1213
2022-03-30,16:38,16:42,166,5,241
2022-03-30,17:21,17:37,283,11,391
2022-03-30,17:50,18:01,165,5,241
2022-03-30,18:09,18:16,169,4,247
2022-03-30,18:17,18:22,445,18,538
2022-03-30,18:23,18:27,386,14,482
2022-03-30,19:17,19:21,269,10,391
2022-03-30,19:22,19:33,601,23,755
2022-03-30,19:53,19:58,74,3,108
2022-03-30,20:00,20:17,98,6,143
2022-03-30,20:41,20:45,92,2,135
2022-03-30,20:46,20:58,994,40,1284
2022-03-30,20:59,21:20,1120,44,1511
2022-03-30,23:25,23:31,596,23,749
2022-03-31,08:52,09:08,85,4,124
2022-03-31,09:34,09:48,304,11,429
2022-04-01,08:11,08:29,93,3,136
2022-04-01,12:37,12:41,417,16,522
2022-04-01,12:52,13:19,566,19,748
2022-04-01,13:20,13:28,698,28,901
2022-04-01,13:29,13:39,472,15,596
2022-04-01,14:34,14:41,264,10,384
2022-04-01,18:18,18:29,534,21,669
2022-04-01,18:40,18:45,315,13,414
2022-04-02,09:57,10:05,143,4,208
2022-04-02,13:15,13:19,134,4,192
2022-04-02,13:27,13:33,215,8,313
2022-04-02,13:34,13:40,723,33,826
2022-04-02,14:42,14:48,208,8,294
2022-04-02,15:21,15:43,583,22,812
2022-04-02,15:59,16:11,809,31,1074
2022-04-02,18:30,18:36,278,9,374
2022-04-02,19:37,19:45,517,19,688
2022-04-02,19:56,20:06,372,13,526
2022-04-02,20:37,20:46,288,9,419
2022-04-02,21:51,21:56,322,13,414
2022-04-02,22:10,22:15,216,6,314
2022-04-02,22:29,22:34,337,15,407
2022-04-02,22:42,22:50,716,28,878
2022-04-02,23:39,23:50,66,3,96
2022-04-03,11:59,12:07,98,3,143
2022-04-03,12:34,12:40,703,31,815
2022-04-03,17:17,17:41,722,27,1007
2022-04-03,17:43,18:07,311,11,453
2022-04-03,18:09,18:14,170,6,241
2022-04-03,19:33,19:41,842,34,1060
2022-04-03,20:13,20:32,833,31,1209
2022-04-03,21:17,21:21,320,12,435
2022-04-03,21:26,21:30,396,15,507
2022-04-03,21:31,21:45,69,2,101
2022-04-03,21:59,22:20,72,4,106
2022-04-04,11:06,11:16,423,15,528
2022-04-04,11:28,11:33,237,8,334
2022-04-04,12:32,12:36,210,7,293
2022-04-04,13:31,13:35,458,18,547
2022-04-04,15:21,15:27,637,25,764
2022-04-04,15:28,15:45,566,22,738
2022-04-04,19:46,20:02,476,20,588
2022-04-04,20:38,20:46,591,22,736
2022-04-05,12:39,12:46,799,32,995
2022-04-05,13:30,13:34,437,17,535
2022-04-05,13:35,13:39,361,14,447
2022-04-05,14:11,14:16,241,10,334
2022-04-05,16:34,16:40,266,10,340
2022-04-05,18:27,18:34,356,12,447
2022-04-05,18:46,19:04,924,34,1249
2022-04-05,20:31,20:35,90,3,132
2022-04-05,23:51,23:59,696,26,853
2022-04-06,08:17,08:45,748,34,939
2022-04-06,10:35,10:42,656,26,814
2022-04-06,12:34,12:44,525,20,727
2022-04-06,12:46,13:00,437,16,568
2022-04-06,13:56,14:01,108,4,158
2022-04-06,14:25,14:50,2256,89,2764
2022-04-06,19:08,19:13,532,22,642
2022-04-06,19:34,19:39,419,18,502
2022-04-06,19:40,20:17,3016,120,3827
2022-04-06,20:18,20:24,223,7,311
2022-04-06,20:25,20:40,1188,47,1408
2022-04-06,20:41,20:53,813,32,1095
2022-04-08,08:28,08:36,147,6,215
2022-04-08,12:26,12:32,103,4,151
2022-04-08,12:33,12:37,436,17,546
2022-04-08,12:39,12:54,64,2,94
2022-04-08,12:58,13:03,300,9,418
2022-04-08,13:04,13:30,2169,87,2722
2022-04-08,17:49,17:55,92,3,135
2022-04-08,17:56,18:02,632,25,758
2022-04-08,18:03,18:08,230,8,327
2022-04-08,18:18,18:31,842,33,1024
2022-04-08,18:32,18:51,1220,48,1645
2022-04-08,19:59,20:05,136,3,198
2022-04-08,20:37,20:44,452,16,610
2022-04-08,20:45,20:49,273,11,371
2022-04-08,20:50,21:11,1448,58,2021
2022-04-08,21:12,21:17,516,20,636
2022-04-08,21:18,21:22,105,4,153
2022-04-09,14:48,15:39,3256,132,4387
2022-04-09,19:16,19:30,570,20,737
2022-04-09,19:31,19:41,969,38,1168
2022-04-09,19:47,19:51,68,2,100
2022-04-09,19:57,20:12,472,19,647
2022-04-09,20:18,20:24,500,20,663
2022-04-10,08:28,08:47,123,4,180
2022-04-10,08:58,09:03,301,10,403
2022-04-10,09:04,09:28,2451,104,3011
2022-04-10,09:29,10:12,317,14,447
2022-04-10,10:28,10:33,525,20,672
2022-04-10,13:02,13:10,178,6,260
2022-04-10,13:26,13:41,903,33,1224
2022-04-10,15:44,15:58,125,4,182
2022-04-10,16:16,16:22,337,12,477
2022-04-10,17:11,17:17,617,26,746
2022-04-10,17:18,17:23,604,24,689
2022-04-10,17:32,17:41,357,13,520
2022-04-10,18:10,18:16,303,10,435
2022-04-10,19:02,19:07,224,7,324
2022-04-10,20:08,20:12,400,16,511
2022-04-10,20:34,21:12,3161,125,4007
2022-04-10,22:54,23:01,735,29,877
2022-04-11,09:15,09:27,234,8,324
2022-04-11,11:02,11:17,120,4,175
2022-04-11,11:27,11:33,679,28,787
2022-04-11,13:32,13:37,532,21,646
2022-04-11,15:23,15:29,649,25,771
2022-04-11,15:53,15:57,425,16,526
2022-04-11,19:49,19:54,110,3,160
2022-04-11,19:55,19:59,468,18,553
2022-04-11,20:26,20:31,341,13,444
2022-04-11,20:44,20:58,662,23,934
2022-04-11,22:36,22:55,887,34,1258
2022-04-12,12:29,12:38,972,41,1151
2022-04-12,13:35,13:43,688,28,848
2022-04-12,14:34,14:52,187,7,272
2022-04-12,16:28,16:32,474,18,570
2022-04-12,19:00,19:05,528,21,696
2022-04-12,21:56,22:07,99,4,144
2022-04-13,08:16,08:22,130,5,190
2022-04-13,08:23,08:30,690,27,862
2022-04-13,10:35,10:42,685,27,846
2022-04-13,12:24,12:28,114,4,166
2022-04-13,12:29,12:37,748,30,882
2022-04-13,13:50,13:54,285,11,368
2022-04-13,13:55,14:18,1946,78,2462
2022-04-13,14:44,14:58,606,21,838
2022-04-13,16:35,16:39,110,4,160
2022-04-13,18:44,18:48,161,4,235
2022-04-13,18:49,18:53,347,13,438
2022-04-13,19:57,20:14,866,32,1241
2022-04-13,20:15,20:20,564,22,678
2022-04-14,09:05,09:17,244,10,346
2022-04-14,09:49,09:53,125,4,182
2022-04-14,11:37,11:43,251,8,352
2022-04-14,14:39,14:43,105,2,153
2022-04-14,14:45,15:03,563,23,712
2022-04-14,15:14,15:18,164,6,239
2022-04-14,15:53,15:59,385,15,523
2022-04-14,18:04,18:08,466,19,551
2022-04-14,18:33,18:42,262,8,371
2022-04-14,18:43,18:48,501,19,623
2022-04-14,18:50,19:05,157,5,229
2022-04-14,19:36,19:41,554,22,698
2022-04-15,08:13,08:35,105,5,154
2022-04-15,10:32,10:38,295,11,405
2022-04-15,12:36,12:40,450,17,567
2022-04-15,12:41,12:48,141,5,191
2022-04-15,13:15,13:23,797,31,981
2022-04-15,13:32,13:39,592,23,726
2022-04-16,18:03,18:08,399,14,518
2022-04-16,18:42,18:56,1220,48,1536
2022-04-16,18:57,19:04,577,23,774
2022-04-16,19:05,19:13,566,23,764
2022-04-16,19:30,19:46,72,2,105
2022-04-17,12:38,12:46,737,29,883
2022-04-17,13:45,13:53,652,26,799
2022-04-17,17:32,17:40,821,32,980
2022-04-17,17:41,17:45,232,9,305
2022-04-17,18:52,19:04,1266,53,1478
2022-04-17,19:05,19:15,175,6,250
2022-04-17,19:24,19:44,640,27,823
2022-04-18,07:44,08:04,153,5,223
2022-04-18,10:32,11:03,1148,38,1669
2022-04-18,11:34,11:40,584,23,736
2022-04-18,13:34,13:38,482,20,588
2022-04-18,15:13,15:23,745,28,939
2022-04-18,15:50,15:56,490,18,616
2022-04-18,19:08,19:12,495,20,582
2022-04-18,19:25,19:40,602,23,794
2022-04-19,08:07,08:11,68,2,99
2022-04-19,08:36,08:45,206,7,289
2022-04-19,09:15,09:19,233,8,285
2022-04-19,10:13,10:27,218,9,317
2022-04-19,12:30,12:34,121,4,176
2022-04-19,12:35,12:40,554,22,695
2022-04-19,13:30,13:35,565,22,666
2022-04-19,13:36,13:41,246,9,322
2022-04-19,14:02,14:12,457,16,631
2022-04-19,16:27,16:33,638,27,751
2022-04-19,17:30,17:35,33,1,49
2022-04-19,18:28,18:38,330,11,442
2022-04-19,18:50,18:56,487,19,587
2022-04-20,08:21,08:29,103,3,151
2022-04-20,08:30,08:38,823,33,980
2022-04-20,10:35,10:42,746,29,876
2022-04-20,12:32,12:39,756,31,888
2022-04-20,12:54,13:03,451,16,602
2022-04-20,13:51,13:57,342,12,459
2022-04-20,13:58,14:18,1845,74,2191
2022-04-20,14:33,14:37,430,17,528
2022-04-20,14:38,14:43,476,18,596
2022-04-20,15:18,15:28,165,6,241
2022-04-20,16:08,16:15,187,7,269
2022-04-20,17:58,18:02,330,13,448
2022-04-20,18:03,18:07,312,11,434
2022-04-20,18:08,18:22,823,33,1108
2022-04-20,18:40,18:45,186,7,253
2022-04-21,14:58,15:02,455,19,550
2022-04-21,15:17,15:22,483,20,574
2022-04-22,08:26,08:36,52,2,77
2022-04-22,10:19,10:32,162,4,236
2022-04-22,19:08,19:12,445,18,536
2022-04-22,19:37,19:43,153,4,223
2022-04-22,19:44,20:10,2265,90,2791
2022-04-22,20:33,20:42,916,37,1094
2022-04-22,20:43,20:55,923,36,1227
2022-04-22,20:56,21:01,434,17,584
2022-04-23,13:30,13:47,472,18,616
2022-04-23,13:59,14:08,751,29,931
2022-04-23,16:05,16:19,918,36,1202
2022-04-23,18:43,18:47,118,2,172
2022-04-23,19:06,19:26,735,27,978
2022-04-23,19:40,19:47,494,18,637
2022-04-23,20:33,20:37,163,5,237
2022-04-23,20:38,21:00,97,4,141
2022-04-24,16:49,16:57,151,5,220
2022-04-24,17:29,18:32,1886,75,2468
2022-04-24,18:33,18:38,535,21,648
2022-04-24,18:39,18:44,535,21,661
2022-04-24,19:46,20:03,491,18,671
2022-04-24,20:19,20:25,421,15,584
2022-04-24,21:00,21:05,535,21,648
2022-04-24,21:06,21:10,127,4,186
2022-04-25,11:23,11:30,92,4,135
2022-04-25,11:31,11:35,485,19,562
2022-04-25,13:29,13:35,611,24,748
2022-04-25,15:17,15:26,757,30,990
2022-04-25,15:39,15:49,515,19,660
2022-04-25,19:11,19:17,405,15,531
2022-04-25,19:24,19:30,189,6,275
2022-04-25,21:39,22:00,1980,78,2385
2022-04-26,12:18,12:26,185,5,269
2022-04-26,12:27,12:38,1024,40,1257
2022-04-26,13:33,13:38,543,21,653
2022-04-26,13:40,13:53,246,9,328
2022-04-26,14:15,14:35,1701,67,2117
2022-04-26,16:32,16:58,2242,89,2803
2022-04-26,17:56,18:03,157,4,229
2022-04-26,18:04,18:12,827,35,988
2022-04-26,18:13,18:17,282,11,381
2022-04-26,18:44,18:49,167,6,230
2022-04-26,20:58,21:02,150,5,219
2022-04-26,21:22,21:33,1129,47,1343
2022-04-27,08:15,08:30,158,6,231
2022-04-27,08:31,08:37,667,26,794
2022-04-27,10:35,10:44,797,31,980
2022-04-27,11:32,11:41,108,3,157
2022-04-27,12:28,12:42,794,31,1062
2022-04-27,12:52,12:57,391,14,516
2022-04-27,13:53,13:59,418,16,584
2022-04-27,14:00,14:08,749,29,939
2022-04-27,14:09,14:13,382,15,500
2022-04-27,14:14,14:19,479,19,612
2022-04-27,14:20,14:26,277,7,403
2022-04-27,14:27,14:30,266,11,324
2022-04-27,14:31,14:36,251,9,366
2022-04-27,14:38,14:53,119,4,174
2022-04-27,16:48,16:53,177,6,244
2022-04-27,19:50,19:54,440,17,526
2022-04-27,19:55,20:00,105,2,153
2022-04-27,20:29,20:41,666,25,890
2022-04-27,21:37,21:41,498,21,611
2022-04-27,23:19,23:24,486,19,609
2022-04-28,14:47,14:51,447,18,552
2022-04-28,14:53,15:08,221,7,299
2022-04-28,15:09,15:14,520,20,613
2022-04-28,19:03,19:10,530,21,640
2022-04-28,19:11,19:16,92,3,135
2022-04-28,19:33,20:02,2053,82,2772
2022-04-29,12:57,13:01,413,16,491
2022-04-29,13:15,13:19,354,14,430
2022-04-29,17:33,17:37,498,20,611
2022-04-29,17:38,18:08,846,29,1227
2022-04-29,18:15,18:20,200,6,289
2022-04-29,19:54,20:15,1034,40,1467
2022-04-29,21:07,21:13,299,11,436
2022-04-29,23:36,23:44,814,32,962
2022-04-30,09:10,09:36,870,34,1094
2022-04-30,11:32,11:37,345,12,477
2022-04-30,12:06,12:33,1039,38,1418
2022-04-30,12:34,12:38,514,21,580
2022-04-30,12:39,12:43,202,7,283
2022-04-30,18:06,18:12,205,6,299
2022-04-30,18:20,18:24,154,4,224
2022-04-30,19:47,19:52,253,10,334
2022-05-01,09:40,09:49,73,3,107
2022-05-01,09:57,10:04,182,6,265
2022-05-01,10:29,10:37,251,8,366
2022-05-01,11:50,11:55,477,19,593
2022-05-01,12:15,12:35,1977,83,2359
2022-05-01,12:50,13:05,98,4,143
2022-05-01,13:24,13:28,77,3,112
2022-05-01,13:30,13:54,650,26,846
2022-05-01,13:55,14:16,408,15,593
2022-05-01,15:52,16:00,227,7,331
2022-05-01,16:41,16:45,468,19,553
2022-05-01,17:27,17:32,249,9,348
2022-05-01,17:33,17:37,370,14,478
2022-05-01,17:38,17:45,560,21,696
2022-05-01,18:19,18:23,288,11,394
2022-05-01,19:39,19:43,204,7,295
2022-05-01,20:14,20:19,510,20,670
2022-05-01,20:41,20:46,260,9,379
2022-05-01,20:47,20:51,514,21,580
2022-05-01,21:02,21:11,194,6,283
2022-05-01,21:27,21:36,209,7,305
2022-05-01,21:43,21:50,227,8,311
2022-05-02,10:23,10:29,224,8,327
2022-05-02,11:20,11:34,622,24,837
2022-05-02,11:46,12:05,1802,71,2169
2022-05-02,12:06,12:13,215,8,304
2022-05-02,12:14,12:19,336,12,411
2022-05-02,15:04,15:24,55,2,80
2022-05-02,19:11,19:15,74,2,108
2022-05-02,19:16,19:20,457,18,547
2022-05-02,19:40,19:44,489,19,566
2022-05-02,19:45,19:49,121,3,176
2022-05-03,09:17,09:28,71,2,104
2022-05-03,11:56,12:07,182,6,266
2022-05-03,12:11,12:15,442,17,537
2022-05-03,12:16,12:20,112,4,164
2022-05-03,12:34,12:53,1272,49,1736
2022-05-03,12:54,12:58,423,16,526
2022-05-03,12:59,13:08,532,21,673
2022-05-03,19:22,19:26,182,6,265
2022-05-03,19:33,19:38,356,13,447
2022-05-04,10:24,10:33,111,5,162
2022-05-04,12:57,13:03,518,20,628
2022-05-04,13:19,13:43,1726,66,2237
2022-05-04,18:34,18:40,503,20,621
2022-05-04,18:53,19:05,627,22,840
2022-05-04,19:38,19:44,93,3,136
2022-05-05,07:12,07:16,232,8,305
2022-05-05,08:03,08:08,240,9,337
2022-05-05,08:25,08:30,107,3,156
2022-05-05,08:38,08:52,103,5,150
2022-05-05,08:53,08:57,117,3,171
2022-05-05,09:47,10:25,776,38,1001
2022-05-05,10:58,11:02,416,16,514
2022-05-05,12:08,12:15,231,8,326
2022-05-05,12:18,12:23,510,20,631
2022-05-05,13:14,13:23,739,30,937
2022-05-05,13:24,13:51,1157,41,1595
2022-05-05,13:52,14:01,808,32,1011
2022-05-05,14:29,14:37,403,15,535
2022-05-05,14:38,14:49,839,32,1110
2022-05-05,14:50,14:57,455,16,630
2022-05-05,14:58,15:16,1257,49,1629
2022-05-05,15:24,15:31,604,23,784
2022-05-05,16:05,16:11,606,23,745
2022-05-05,16:12,16:21,488,19,704
2022-05-05,16:22,16:30,505,20,708
2022-05-05,16:31,16:39,244,7,356
2022-05-05,16:40,17:06,1649,64,2229
2022-05-05,17:07,17:12,294,10,403
2022-05-05,17:54,18:17,1564,61,2111
2022-05-05,18:18,18:24,555,21,708
2022-05-05,21:00,21:20,939,33,1249
2022-05-05,21:21,21:28,689,27,838
2022-05-05,21:29,21:34,305,12,416
2022-05-05,21:35,21:39,391,16,506
2022-05-05,21:50,21:54,246,9,348
2022-05-05,22:20,22:25,354,13,500
2022-05-05,22:26,22:36,770,31,1041
2022-05-06,08:15,08:19,126,5,179
2022-05-06,08:20,08:39,1777,70,2153
2022-05-06,09:07,09:13,168,5,242
2022-05-06,10:29,10:46,1402,55,1744
2022-05-06,11:33,11:56,359,14,503
2022-05-06,12:07,12:21,54,3,79
2022-05-06,18:59,19:21,678,26,876
2022-05-06,19:31,19:39,601,24,768
2022-05-07,10:40,10:51,81,2,119
2022-05-07,13:02,13:06,99,3,144
2022-05-07,13:09,13:14,493,21,595
2022-05-07,13:24,13:32,300,11,433
2022-05-07,13:33,13:37,487,20,577
2022-05-07,13:38,13:45,183,6,267
2022-05-07,15:02,15:34,1159,44,1618
2022-05-07,15:35,15:39,375,14,487
2022-05-07,18:24,18:36,573,22,770
2022-05-07,19:57,20:01,66,2,97
2022-05-07,21:26,21:35,274,10,386
2022-05-07,21:44,21:50,321,11,457
2022-05-07,22:37,22:42,173,6,251
2022-05-07,23:05,23:09,178,4,260
2022-05-07,23:38,23:47,240,9,340
2022-05-08,09:19,09:25,134,4,196
2022-05-08,12:23,12:27,70,2,103
2022-05-08,12:29,12:47,1032,41,1277
2022-05-08,12:53,13:09,288,10,420
2022-05-08,13:12,13:35,556,21,765
2022-05-08,13:40,13:47,281,10,395
2022-05-08,16:18,16:34,973,39,1316
2022-05-08,17:30,17:55,2339,94,2867
2022-05-08,17:56,18:11,1012,39,1368
2022-05-08,18:12,18:15,323,12,408
2022-05-08,18:16,18:22,211,7,290
2022-05-08,18:55,19:05,644,24,894
2022-05-08,19:28,19:34,115,3,168
2022-05-09,08:12,08:26,208,7,277
2022-05-09,08:58,09:02,248,7,340
2022-05-09,09:50,09:56,227,8,325
2022-05-09,11:24,11:30,201,7,293
2022-05-09,11:31,11:37,521,20,677
2022-05-09,13:30,13:36,617,24,741
2022-05-09,15:14,15:20,288,10,404
2022-05-09,15:21,15:28,559,22,711
2022-05-09,16:14,16:32,968,38,1268
2022-05-09,16:42,17:03,1881,73,2303
2022-05-09,20:02,20:08,619,25,750
2022-05-09,20:09,20:22,152,6,221
2022-05-09,20:48,20:56,758,30,944
2022-05-09,20:57,21:05,559,22,768
2022-05-09,21:06,21:09,361,14,435
2022-05-09,21:10,21:23,739,29,1017
2022-05-09,22:54,22:58,145,3,212
2022-05-10,12:28,12:37,939,37,1099
2022-05-10,13:34,13:40,512,19,656
2022-05-10,14:20,14:28,196,7,286
2022-05-10,14:29,14:33,429,17,528
2022-05-10,19:45,19:49,481,19,561
2022-05-10,20:08,20:24,687,26,884
2022-05-11,08:25,08:44,792,31,1022
2022-05-11,10:27,10:44,769,31,956
2022-05-11,12:37,12:44,490,19,670
2022-05-11,13:05,13:09,196,6,286
2022-05-11,13:50,13:56,335,11,457
2022-05-11,14:12,14:16,416,16,521
2022-05-14,12:22,12:31,574,22,741
2022-05-14,12:38,12:53,648,26,874
2022-05-14,13:04,13:09,90,2,132
2022-05-14,13:11,13:37,339,13,483
2022-05-14,13:59,14:06,787,33,933
2022-05-14,14:26,14:36,176,6,256
2022-05-14,16:03,16:12,138,6,202
2022-05-14,16:14,16:33,95,4,139
2022-05-14,16:43,16:48,105,4,154
2022-05-14,16:53,17:14,1833,72,2282
2022-05-14,17:42,18:18,2194,85,3031
2022-05-14,18:26,18:33,453,17,625
2022-05-14,18:34,18:40,555,22,713
2022-05-14,18:41,18:55,1012,41,1382
2022-05-14,19:46,19:50,322,12,426
2022-05-14,19:51,19:59,581,24,780
2022-05-14,20:17,20:24,326,12,439
2022-05-14,20:34,20:41,709,28,861
2022-05-14,22:35,22:39,335,13,454
2022-05-14,22:40,22:55,1344,53,1669
2022-05-14,23:53,23:57,312,11,391
2022-05-15,08:51,08:56,134,4,195
2022-05-15,09:00,09:22,2337,99,2768
2022-05-15,09:23,09:28,216,7,305
2022-05-15,10:10,10:14,332,13,411
2022-05-15,10:44,10:53,803,31,981
2022-05-15,14:09,14:22,122,4,178
2022-05-15,14:23,14:29,322,12,446
2022-05-15,15:33,15:37,212,7,283
2022-05-15,16:04,16:08,449,17,542
2022-05-15,18:46,18:51,480,19,603
2022-05-15,18:52,19:02,880,34,1113
2022-05-15,19:43,19:50,366,13,509
2022-05-15,19:58,20:04,158,4,230
2022-05-15,20:10,20:15,238,9,332
2022-05-15,20:40,20:45,232,9,333
2022-05-15,20:48,21:04,585,23,752
2022-05-15,21:32,21:38,85,4,124
2022-05-15,21:48,22:03,364,13,520
2022-05-16,11:25,11:30,62,2,91
2022-05-16,11:31,11:36,542,21,652
2022-05-16,12:31,12:35,89,3,130
2022-05-16,13:32,13:37,536,21,649
2022-05-16,15:15,15:23,735,29,921
2022-05-16,15:46,15:53,444,16,579
2022-05-16,16:14,16:23,670,26,880
2022-05-16,18:34,18:38,275,11,353
2022-05-16,19:03,19:07,299,11,404
2022-05-16,20:25,20:30,505,19,626
2022-05-17,12:13,12:27,69,2,101
2022-05-17,12:28,12:34,658,27,788
2022-05-17,13:33,13:37,141,6,186
2022-05-17,14:09,14:13,210,7,289
2022-05-17,16:40,16:46,271,10,364
2022-05-17,16:47,16:52,475,18,591
2022-05-17,17:37,17:41,106,2,155
2022-05-17,17:42,18:17,1078,41,1331
2022-05-17,20:54,21:01,753,31,911
2022-05-17,21:02,21:09,300,10,411
2022-05-18,10:36,11:00,1214,47,1576
2022-05-18,12:56,13:00,219,7,312
2022-05-18,13:48,13:56,264,9,359
2022-05-18,14:17,14:30,665,25,871
2022-05-18,18:19,18:33,79,4,115
2022-05-18,20:36,20:46,76,2,111
2022-05-19,12:44,12:49,99,3,145
2022-05-19,14:10,14:14,442,17,537
2022-05-19,14:35,14:39,88,2,129
2022-05-19,19:38,19:42,452,17,543
2022-05-19,20:28,20:41,607,23,812
2022-05-20,07:27,07:31,81,2,119
2022-05-20,12:28,12:32,125,4,183
2022-05-20,12:33,12:40,817,33,925
2022-05-20,12:41,12:53,119,4,174
2022-05-20,13:33,13:42,232,9,296
2022-05-20,13:43,13:47,474,18,557
2022-05-20,13:48,13:55,280,10,380
2022-05-20,13:57,14:19,699,28,938
2022-05-20,14:20,14:27,763,30,893
2022-05-20,14:28,14:37,695,27,915
2022-05-20,14:39,15:07,215,8,313
2022-05-20,15:08,15:13,207,7,301
2022-05-20,15:17,15:27,138,5,201
2022-05-20,15:31,16:00,747,26,1071
2022-05-20,16:22,16:39,820,29,1142
2022-05-20,16:40,16:43,306,12,391
2022-05-20,16:44,17:02,894,33,1233
2022-05-20,17:03,17:19,1414,55,1754
2022-05-20,17:29,17:33,311,11,425
2022-05-20,17:34,17:49,1204,48,1561
2022-05-20,17:50,18:11,502,17,672
2022-05-20,18:41,18:51,162,6,236
2022-05-20,19:16,19:25,410,13,592
2022-05-20,19:47,19:51,147,4,215
2022-05-20,21:03,21:12,364,16,471
2022-05-21,18:17,18:23,274,8,394
2022-05-21,18:27,18:40,65,2,95
2022-05-21,18:47,19:04,423,15,544
2022-05-21,19:05,19:10,110,3,160
2022-05-21,19:13,19:27,522,19,694
2022-05-21,20:12,20:16,456,18,543
2022-05-21,20:58,21:12,303,11,413
2022-05-21,23:08,23:22,116,4,170
2022-05-22,07:44,08:10,700,32,904
2022-05-22,08:58,09:02,185,6,269
2022-05-22,09:03,09:08,595,25,683
2022-05-22,09:09,09:15,466,18,588
2022-05-22,09:16,09:30,1202,48,1427
2022-05-22,10:41,10:53,1198,50,1435
2022-05-22,12:51,13:12,222,9,292
2022-05-22,13:40,13:49,396,14,520
2022-05-22,15:52,16:07,85,2,125
2022-05-22,16:23,16:28,491,19,620
2022-05-22,16:29,16:40,607,24,815
2022-05-22,16:41,16:49,689,28,895
2022-05-22,16:50,17:02,459,17,621
2022-05-22,17:09,17:13,348,13,460
2022-05-22,17:14,17:21,610,24,751
2022-05-22,17:22,17:46,834,30,1140
2022-05-22,17:47,17:54,616,24,794
2022-05-22,18:33,18:41,599,23,802
2022-05-22,18:42,18:47,381,15,499
2022-05-22,19:52,20:06,1377,54,1641
2022-05-22,20:25,20:46,1238,47,1616
2022-05-23,11:28,11:33,597,24,697
2022-05-23,12:30,12:38,145,4,211
2022-05-23,13:28,13:41,1242,49,1507
2022-05-23,16:01,16:10,543,20,696
2022-05-23,16:35,16:40,161,5,220
2022-05-24,12:25,12:31,638,26,763
2022-05-24,13:22,13:33,114,3,166
2022-05-24,13:35,13:40,143,4,209
2022-05-24,14:01,14:05,149,4,217
2022-05-24,14:07,14:23,429,18,550
2022-05-24,14:37,14:43,481,19,634
2022-05-24,14:50,15:07,112,4,164
2022-05-24,15:08,15:16,418,16,575
2022-05-25,08:37,08:43,695,28,864
2022-05-25,09:37,09:41,206,6,280
2022-05-25,10:33,10:48,773,31,1000
2022-05-25,11:32,11:36,127,3,185
2022-05-25,12:36,12:40,463,18,550
2022-05-25,12:51,12:58,332,12,480
2022-05-25,13:50,13:55,266,10,367
2022-05-25,14:13,14:28,479,15,663
2022-05-25,14:55,15:04,493,18,676
2022-05-25,15:23,15:37,594,22,750
2022-05-25,16:10,16:23,665,26,882
2022-05-25,16:36,16:43,142,5,207
2022-05-25,17:01,17:05,421,16,511
2022-05-26,14:39,14:43,452,18,555
2022-05-26,15:33,15:40,587,22,753
2022-05-27,13:01,13:05,464,18,550
2022-05-27,13:29,13:35,521,19,642
2022-05-27,16:19,16:31,501,19,632
2022-05-27,17:29,17:33,157,4,229
2022-05-27,17:49,17:53,288,11,377
2022-05-27,18:03,18:24,1092,42,1413
2022-05-28,07:26,07:46,165,9,241
2022-05-28,07:53,08:21,450,16,612
2022-05-28,08:48,09:09,807,32,1066
2022-05-28,09:19,09:25,109,4,159
2022-05-28,10:18,10:42,482,14,702
2022-05-28,10:54,11:13,362,14,527
2022-05-28,11:22,11:29,208,7,303
2022-05-28,11:37,12:34,1756,61,2538
2022-05-28,12:43,13:47,2467,84,3517
2022-05-28,14:17,14:40,758,27,1103
2022-05-28,15:30,16:04,907,31,1305
2022-05-28,16:53,17:23,974,32,1402
2022-05-28,17:36,17:52,564,18,786
2022-05-28,17:54,18:14,277,10,404
2022-05-28,19:04,19:25,1085,39,1500
2022-05-28,19:36,20:03,983,37,1416
2022-05-28,20:04,20:13,696,28,905
2022-05-28,21:58,22:16,1495,59,1922
2022-05-28,22:42,22:47,517,20,635
2022-05-28,23:39,23:45,191,7,272
2022-05-28,23:53,23:57,63,2,92
2022-05-29,09:11,09:24,555,21,748
2022-05-29,09:28,09:47,473,17,659
2022-05-29,09:58,10:17,355,13,517
2022-05-29,10:50,11:22,920,30,1315
2022-05-29,11:28,11:34,161,6,235
2022-05-29,11:42,11:46,99,2,145
2022-05-29,11:56,12:48,1135,44,1648
2022-05-29,13:00,13:38,1071,38,1549
2022-05-29,13:45,14:14,929,31,1346
2022-05-29,14:43,15:02,437,14,636
2022-05-29,15:13,15:33,594,19,864
2022-05-29,15:46,16:12,673,22,979
2022-05-29,17:00,17:06,114,3,167
2022-05-29,17:21,17:39,350,10,509
2022-05-29,17:52,17:59,239,9,337
2022-05-29,18:01,18:19,226,8,329
2022-05-29,18:33,18:47,127,4,185
2022-05-29,18:48,18:52,122,4,178
2022-05-29,18:54,19:13,292,11,414
2022-05-29,19:14,19:29,609,20,860
2022-05-29,19:37,19:46,262,9,380
2022-05-29,19:48,20:12,226,6,329
2022-05-29,20:47,20:55,231,7,337
2022-05-29,21:32,21:36,81,2,118
2022-05-29,21:38,21:50,156,6,227
2022-05-29,21:52,22:02,585,23,793
2022-05-30,11:33,11:38,559,22,662
2022-05-30,12:30,12:37,526,20,687
2022-05-30,13:30,13:38,639,24,802
2022-05-30,15:23,15:29,548,21,706
2022-05-30,16:26,16:31,536,21,660
2022-05-30,20:56,21:04,776,30,950
2022-05-30,21:05,21:11,133,5,194
2022-05-30,21:21,21:28,504,19,700
2022-05-30,21:29,21:37,743,29,916
2022-05-30,21:38,21:43,452,18,594
2022-05-31,08:40,08:46,109,4,159
2022-05-31,12:38,12:42,499,21,571
2022-05-31,13:30,13:45,411,16,557
2022-05-31,14:07,14:11,477,18,559
2022-05-31,18:13,18:17,421,17,518
2022-05-31,18:34,18:38,386,16,450
2022-06-01,08:47,08:54,162,5,236
2022-06-01,08:55,09:01,667,27,806
2022-06-01,10:46,11:03,646,24,834
2022-06-01,12:27,12:34,665,26,833
2022-06-01,12:58,13:02,293,11,385
2022-06-01,13:54,14:04,556,21,730
2022-06-01,16:50,17:06,861,32,1117
2022-06-01,19:20,19:48,534,20,663
2022-06-01,19:54,20:00,520,20,656
2022-06-01,20:15,20:19,155,4,226
2022-06-01,21:09,21:27,88,4,128
2022-06-02,09:25,09:39,152,4,221
2022-06-02,10:29,10:33,79,2,115
2022-06-02,14:37,14:41,498,21,583
2022-06-02,16:05,16:09,170,5,225
2022-06-02,16:29,16:43,362,13,495
2022-06-02,17:19,17:25,127,3,185
2022-06-02,17:27,17:42,337,13,463
2022-06-02,17:51,17:57,132,5,192
2022-06-02,19:20,19:26,242,7,333
2022-06-02,20:14,20:21,398,14,545
2022-06-02,21:56,22:00,346,13,471
2022-06-02,22:05,22:10,363,14,505
2022-06-02,23:03,23:11,703,28,905
2022-06-03,12:36,12:41,110,4,161
2022-06-03,12:42,12:46,453,18,543
2022-06-03,13:23,13:37,672,26,920
2022-06-03,15:26,15:36,520,19,693
2022-06-03,15:45,15:49,401,17,509
2022-06-03,15:50,15:54,369,14,489
2022-06-03,17:59,18:03,406,16,514
2022-06-03,18:34,18:56,602,24,863
2022-06-03,18:57,19:17,1826,74,2193
2022-06-03,19:32,19:48,439,15,628
2022-06-03,20:28,20:33,323,13,452
2022-06-03,21:28,21:46,665,29,866
2022-06-03,22:39,22:44,482,19,613
2022-06-04,11:56,12:09,139,5,203
2022-06-04,12:38,13:02,632,27,823
2022-06-04,13:19,13:24,354,14,471
2022-06-04,13:38,13:50,671,26,888
2022-06-04,18:13,18:36,1396,55,1857
2022-06-04,18:47,19:07,1265,49,1710
2022-06-04,20:20,20:29,68,2,99
2022-06-05,08:40,08:44,449,17,540
2022-06-05,09:00,09:10,648,23,827
2022-06-06,11:29,11:37,205,8,299
2022-06-06,11:38,11:42,490,20,606
2022-06-06,13:30,13:34,157,4,229
2022-06-06,13:39,13:45,645,25,766
2022-06-06,14:25,14:40,887,34,1193
2022-06-06,15:37,15:54,634,24,819
2022-06-06,15:55,16:19,1881,74,2410
2022-06-06,16:20,16:28,500,18,663
2022-06-06,19:17,19:21,126,4,184
2022-06-06,19:22,19:27,489,19,619
2022-06-06,20:06,20:41,2369,96,3175
2022-06-07,12:31,12:38,702,28,855
2022-06-07,13:31,13:52,595,22,821
2022-06-07,14:34,14:38,197,7,287
2022-06-07,14:39,14:43,466,18,552
2022-06-07,16:23,16:34,83,3,122
2022-06-07,16:35,16:43,853,34,1004
2022-06-07,18:30,18:38,359,13,480
2022-06-07,18:54,19:00,305,12,435
2022-06-07,21:47,21:53,660,26,776
2022-06-07,21:56,22:00,202,7,273
2022-06-07,22:33,22:38,188,7,265
2022-06-07,22:42,22:47,594,25,682
2022-06-08,08:34,08:47,755,32,975
2022-06-08,09:30,09:34,165,5,237
2022-06-08,10:41,10:46,536,21,649
2022-06-08,12:25,12:35,814,30,1035
2022-06-08,12:59,13:06,318,12,447
2022-06-08,13:57,14:04,248,9,361
2022-06-08,14:34,14:49,989,37,1336
2022-06-08,15:42,15:46,281,11,359
2022-06-08,16:21,16:32,691,26,956
2022-06-08,16:33,16:38,444,17,587
2022-06-08,16:39,16:53,689,27,935
2022-06-08,17:00,17:04,102,2,149
2022-06-08,17:05,17:10,511,20,633
2022-06-08,17:39,17:59,461,18,618
2022-06-08,18:04,18:10,226,7,321
2022-06-08,19:31,20:00,801,30,1115
2022-06-08,20:59,21:03,145,6,192
2022-06-08,21:20,21:34,458,17,595
2022-06-08,21:42,21:53,349,12,475
2022-06-08,22:37,22:43,538,21,702
2022-06-09,15:32,15:37,368,14,480
2022-06-09,16:23,16:33,283,10,382
2022-06-09,18:41,18:47,428,16,595
2022-06-09,19:04,19:08,138,5,201
2022-06-09,19:12,19:32,212,8,309
2022-06-09,19:39,19:44,138,5,201
2022-06-09,19:45,19:50,392,15,499
2022-06-10,12:21,12:25,436,17,534
2022-06-10,12:41,12:50,570,22,757
2022-06-11,18:59,19:18,568,22,735
2022-06-11,19:23,19:29,135,4,197
2022-06-11,19:54,20:07,634,24,891
2022-06-11,20:48,20:52,436,18,541
2022-06-11,20:53,21:08,805,29,1075
2022-06-11,21:09,21:29,1811,71,2230
2022-06-11,21:30,21:37,418,17,578
2022-06-12,12:24,12:29,116,3,170
2022-06-12,12:30,12:34,472,19,554
2022-06-12,13:01,13:37,2392,94,3131
2022-06-14,08:33,08:47,74,2,109
2022-06-14,08:48,09:03,1544,68,1854
2022-06-14,11:09,11:14,267,9,366
2022-06-14,11:27,11:32,229,8,332
2022-06-14,11:50,11:56,461,18,590
2022-06-15,07:39,07:54,44,2,64
2022-06-15,10:32,10:39,742,29,881
2022-06-15,10:49,11:06,111,4,162
2022-06-15,12:30,12:40,473,18,645
2022-06-15,13:14,13:20,403,15,558
2022-06-15,15:21,15:27,207,7,301
2022-06-15,15:44,15:49,284,10,409
2022-06-15,16:16,16:27,505,19,699
2022-06-15,18:04,18:20,487,16,686
2022-06-15,20:05,20:10,535,21,647
2022-06-15,20:11,20:20,209,7,291
2022-06-15,23:35,23:41,99,3,144
2022-06-15,23:43,23:59,149,6,217
2022-06-16,09:29,09:33,457,19,549
2022-06-16,09:55,10:10,152,4,221
2022-06-16,10:33,10:38,414,15,540
2022-06-16,11:58,12:02,88,2,129
2022-06-16,13:02,13:06,370,14,490
2022-06-16,13:21,13:28,459,18,612
2022-06-16,16:22,17:06,612,23,844
2022-06-16,17:54,18:03,573,21,775
2022-06-16,18:04,18:09,504,19,629
2022-06-16,18:10,18:42,862,34,1116
2022-06-16,23:32,23:37,528,21,644
2022-06-17,17:08,17:19,444,19,535
2022-06-17,18:04,18:19,401,15,530
2022-06-17,18:35,18:41,129,4,188
2022-06-17,20:46,21:17,594,22,767
2022-06-17,21:58,22:16,529,18,706
2022-06-19,13:35,13:51,560,20,717
2022-06-19,13:52,13:56,72,2,105
2022-06-19,14:04,14:09,358,13,470
2022-06-19,16:32,16:44,773,29,1048
2022-06-19,17:58,18:04,390,13,521
2022-06-19,18:15,18:29,389,14,541
2022-06-19,19:08,19:23,868,34,1124
2022-06-23,20:14,20:20,118,3,172
2022-06-24,05:08,05:23,225,10,290
2022-06-24,05:27,05:33,98,3,143
2022-06-24,05:43,05:49,190,6,277
2022-06-24,05:57,06:04,352,14,499
2022-06-24,10:40,10:44,263,10,362
2022-06-24,10:52,10:57,308,11,417
2022-06-24,11:15,11:21,234,7,341
2022-06-24,12:13,12:21,146,5,213
2022-06-24,12:41,12:45,290,10,381
2022-06-24,12:46,12:58,1288,51,1480
2022-06-24,12:59,13:04,544,21,654
2022-06-24,13:05,13:22,1729,69,2017
2022-06-24,13:27,13:33,585,23,732
2022-06-24,18:21,18:46,166,5,242
2022-06-25,09:06,09:24,421,14,601
2022-06-25,09:42,09:50,362,11,527
2022-06-25,10:13,10:17,143,4,209
2022-06-25,13:14,13:19,136,4,199
2022-06-25,16:09,16:13,44,1,64
2022-06-25,16:34,16:38,53,2,78
2022-06-26,15:48,15:52,113,4,165
2022-06-26,15:56,16:56,6149,254,7014
2022-06-26,17:00,17:22,1536,59,1922
2022-06-26,17:23,17:28,433,17,534
2022-06-26,17:29,17:45,433,16,600
2022-06-26,17:46,17:50,334,13,420
2022-06-26,18:12,18:17,101,3,147
2022-06-27,09:53,10:09,399,14,581
2022-06-27,13:36,13:46,86,2,126
2022-06-27,16:20,16:24,70,2,102
2022-06-27,16:26,16:51,635,23,874
2022-06-27,16:52,17:00,845,34,1034
2022-06-27,17:18,17:24,377,14,511
2022-06-27,17:25,17:43,1671,65,2036
2022-06-27,19:20,19:24,115,3,168
2022-06-27,19:37,19:48,94,3,137
2022-06-27,20:42,20:48,103,3,150
2022-06-27,21:28,21:40,71,1,104
2022-06-28,11:18,11:22,205,5,298
2022-06-28,19:36,19:49,234,7,341
2022-06-28,21:02,21:07,119,4,174
2022-06-29,10:36,10:50,276,10,401
2022-06-29,12:17,12:28,522,18,744
2022-06-29,14:59,15:03,112,3,163
2022-06-29,15:13,15:23,1041,40,1223
2022-06-29,15:24,15:28,265,10,367
2022-06-29,15:37,15:43,494,19,638
2022-06-29,15:44,16:43,4905,189,6005
2022-06-30,16:18,16:29,784,27,985
2022-06-30,16:30,16:55,2562,100,2952
2022-06-30,16:56,17:02,481,18,626
2022-06-30,17:03,17:29,2464,95,2942
2022-06-30,17:30,17:53,1448,55,1937
2022-06-30,18:04,18:12,697,27,895
2022-06-30,18:56,19:14,204,7,297
2022-06-30,20:00,20:04,90,2,131
2022-06-30,20:51,20:57,67,3,98
2022-07-01,09:21,09:27,145,4,211
2022-07-03,11:15,11:50,1339,48,1873
2022-07-03,12:26,12:44,132,6,193
2022-07-03,13:32,13:36,77,2,112
2022-07-03,18:38,18:46,71,2,104
2022-07-03,20:23,20:53,249,9,363
2022-07-03,22:35,22:50,103,3,151
2022-07-03,22:51,22:55,139,3,203
2022-07-30,18:51,19:02,551,21,674
2022-07-30,19:03,19:55,4910,191,5830
2022-07-30,19:56,20:07,1036,40,1275
2022-07-30,20:08,20:21,1277,49,1529
2022-07-30,20:22,20:27,526,20,643
2022-07-30,20:28,20:32,408,15,517
2022-07-30,20:33,20:47,574,20,790
2022-08-01,13:11,13:29,643,23,914
2022-08-01,13:45,13:50,148,4,216
2022-08-01,13:57,14:04,809,32,933
2022-08-01,14:08,14:15,202,6,295
2022-08-01,14:16,14:44,1086,47,1366
2022-08-01,14:45,14:49,68,3,99
2022-08-01,15:15,15:26,101,2,147
2022-08-01,15:28,15:32,145,4,211
2022-08-01,15:33,15:46,936,36,1194
2022-08-01,15:47,16:06,134,5,196
2022-08-01,16:07,16:15,225,8,328
2022-08-03,14:09,14:22,526,17,762
2022-08-03,14:45,14:53,319,11,451
2022-08-03,14:54,15:04,1008,39,1204
2022-08-03,15:05,15:14,259,8,377
2022-08-03,15:17,15:21,508,21,576
2022-08-03,15:30,15:35,161,4,235
2022-08-03,15:37,15:54,226,9,329
2022-08-03,16:07,16:13,136,3,198
2022-08-03,16:31,16:42,591,20,778
2022-08-03,16:43,16:48,475,18,598
2022-08-03,17:10,17:23,416,13,592
2022-08-08,13:39,13:44,102,3,149
2022-08-08,14:12,14:17,205,5,298
2022-08-08,14:22,14:30,814,31,979
2022-08-08,14:31,14:37,239,8,334
2022-08-08,14:38,14:41,382,14,460
2022-08-08,14:42,14:57,590,22,781
2022-08-08,15:06,15:20,81,3,119
2022-08-08,15:21,15:29,238,7,347
2022-08-08,15:48,15:59,580,20,763
2022-08-08,16:00,16:04,435,16,529
2022-08-08,16:05,16:23,350,13,510
2022-08-10,13:38,13:44,307,10,425
2022-08-10,13:45,13:54,966,37,1124
2022-08-10,14:04,14:10,440,16,575
2022-08-10,14:20,14:46,1040,39,1409
2022-08-10,14:48,15:24,279,9,407
2022-08-10,15:25,15:30,155,5,226
2022-08-10,15:31,15:53,164,6,239
2022-08-10,15:54,16:05,871,33,1131
2022-08-10,16:06,16:20,1298,50,1594
2022-08-10,16:21,16:31,919,36,1150
2022-08-10,16:32,16:39,662,25,832
2022-08-12,12:40,12:44,451,18,540
2022-08-12,13:05,13:09,362,13,455
2022-08-12,13:22,13:56,323,11,462
2022-08-12,13:57,14:01,80,2,117
2022-08-12,14:08,14:18,273,7,397
2022-08-12,14:30,14:47,98,3,143
2022-08-12,14:50,15:04,822,30,1112
2022-08-12,15:05,15:57,3761,142,4849
2022-08-15,13:52,13:56,122,4,170
2022-08-15,14:27,14:32,79,2,115
2022-08-15,14:45,14:50,358,13,462
2022-08-15,14:51,14:58,687,26,848
2022-08-15,14:59,15:37,949,37,1282
2022-08-15,15:44,16:07,347,10,505
2022-08-15,16:15,16:20,108,3,158
2022-08-15,16:28,17:14,3657,142,4634
